-- phpMyAdmin SQL Dump
-- version 5.2.1
-- https://www.phpmyadmin.net/
--
-- Servidor: 127.0.0.1
-- Tiempo de generación: 10-04-2024 a las 12:59:54
-- Versión del servidor: 10.4.28-MariaDB
-- Versión de PHP: 8.2.4

SET SQL_MODE = "NO_AUTO_VALUE_ON_ZERO";
START TRANSACTION;
SET time_zone = "+00:00";


/*!40101 SET @OLD_CHARACTER_SET_CLIENT=@@CHARACTER_SET_CLIENT */;
/*!40101 SET @OLD_CHARACTER_SET_RESULTS=@@CHARACTER_SET_RESULTS */;
/*!40101 SET @OLD_COLLATION_CONNECTION=@@COLLATION_CONNECTION */;
/*!40101 SET NAMES utf8mb4 */;

--
-- Base de datos: `posgrados`
--

-- --------------------------------------------------------

--
-- Estructura de tabla para la tabla `directores`
--

CREATE TABLE `directores` (
  `id_direc` int(11) NOT NULL,
  `nombre` varchar(255) NOT NULL,
  `correo` text NOT NULL,
  `id_div` int(11) NOT NULL
) ENGINE=InnoDB DEFAULT CHARSET=utf8 COLLATE=utf8_general_ci;

--
-- Volcado de datos para la tabla `directores`
--

INSERT INTO `directores` (`id_direc`, `nombre`, `correo`, `id_div`) VALUES
(1, 'Ing. Gustavo Zea Nápoles', 'informatica@upvm.edu.mx', 5);

-- --------------------------------------------------------

--
-- Estructura de tabla para la tabla `division`
--

CREATE TABLE `division` (
  `id_div` int(11) NOT NULL,
  `nombre` varchar(255) NOT NULL
) ENGINE=InnoDB DEFAULT CHARSET=utf8 COLLATE=utf8_general_ci;

--
-- Volcado de datos para la tabla `division`
--

INSERT INTO `division` (`id_div`, `nombre`) VALUES
(1, 'División de Licenciatura en Administración'),
(2, 'División de Ingeniería Industrial'),
(3, 'División de Ingeniería Mecatrónica'),
(4, 'División de Ingeniería en Nanotecnología'),
(5, 'División de Ingeniería en Informática');

-- --------------------------------------------------------

--
-- Estructura de tabla para la tabla `investigadores`
--

CREATE TABLE `investigadores` (
  `id_in` int(11) NOT NULL,
  `nombre` varchar(255) NOT NULL,
  `lic` text NOT NULL,
  `maestria` text NOT NULL,
  `doctorado` text DEFAULT NULL,
  `correo` text DEFAULT NULL,
  `samblanza` text NOT NULL,
  `img` text NOT NULL,
  `id_niv` int(11) NOT NULL,
  `id_div` int(11) NOT NULL
) ENGINE=InnoDB DEFAULT CHARSET=utf8 COLLATE=utf8_general_ci;

--
-- Volcado de datos para la tabla `investigadores`
--

INSERT INTO `investigadores` (`id_in`, `nombre`, `lic`, `maestria`, `doctorado`, `correo`, `samblanza`, `img`, `id_niv`, `id_div`) VALUES
(1, 'Dra. Flores Azcanio Nancy Patricia', 'INGENIERÍA EN SISTEMAS COMPUTACIONALES', 'MAESTRÍA EN TECNOLOGÍAS DE LA INFORMACIÓN Y COMUNICACIONES', 'DOCTORADO EN EDUCACIÓN', 'pflores@upvm.edu.mx', '<p>Doctora en Educación con Maestría en Tecnologías de la Información y Comunicaciones, egresada del Tecnológico de Estudios Superiores de Coacalco de la carrera de Ingeniería en Sistemas Computacionales. Investigadora reconocida por PRODEP con perfil deseable, trabajando en las líneas de investigación, Tecnologías Emergentes y Tecnologías Inmersivas, es Evaluadora del Consejo Nacional de Acreditación en Informática y Computación A.C., fundadora de la Universidad Politécnica del Valle de México.</p>', 'img/investigadores/22-Dra.Nancy.jpg', 1, 5),
(2, 'Dr. Pérez Calderón Ricardo', 'LICENCIATURA EN CIENCIAS DE LA INFORMÁTICA', 'MAESTRÍA EN CIENCIAS EN INFORMÁTICA', 'DOCTORADO EN EDUCACIÓN', 'rperez@upvm.edu.mx', '<p>Dr. Ricardo Pérez Calderón, Informático, con Especialidad y Maestría en Ciencias en Informática, egresado de la UPIICSA del IPN. Ha trabajado desde 1988 en la iniciativa privada desempeñándose como consultor de sistemas administrativos, de manufactura y de servicios para diversas empresas nacionales (Probiomed, Tijeras Barrilito, Grupo Olimex, Goba Internacional, Núñez Santa Cruz y Asociados, Grupo Informática, NG en Sistemas, entre otras) e internacionales (P&amp;G). Ha laborado como docente en diversas universidades en tres niveles (TSU, Ingeniería y Maestría) desde el 2001. Actualmente se desempeña como Profesor Investigador de Tiempo Completo en la Universidad Politécnica del Valle de México dentro de la División de Ingeniería en Informática, ha dirigido varias tesis concluidas a nivel de maestría, ha sido Jurado de diversos concursos académicos a nivel estatal, la línea de investigación es desarrollo de software y base de datos. Las materias que imparte son de la Academia de programación: Programación Orientada a Objetos, Base de Datos, Administración de Base de datos, Bases de datos distribuidas, Programación en Internet, Programación Avanzada, entre otras.</p>', 'img/investigadores/23-Dr. perez.jpg', 1, 5),
(3, 'Dr. Contreras Hernández Salvador', 'LICENCIATURA EN INFORMÁTICA', 'MAESTRÍA EN CIENCIAS COMPUTACIONALES', 'DOCTORADO EN EDUCACIÓN', 'scontreras@upvm.edu.mx', '<p>Es profesor investigador de la Universidad Politécnica del Valle de México. Imparte cursos en Ingeniería y Maestría en Tecnologías de Información y Comunicaciones. Participa en el grupo de investigación de Cómputo Científico de la UPVM en la línea de investigación de Inteligencia Artificial y Aprendizaje Automático. Es autor de los libros “Posibilidad de la Superinteligencia Artificial” y “PHP 6 el lenguaje de Internet”. Es Licenciado en Informática por el Instituto Tecnológico de Tlalnepantla. Tiene el grado de maestro en Ciencias Computacionales por el Instituto Tecnológico de Estudios Superiores de Monterrey. Realizó sus estudios de doctorado en Ciencias Computaciones en el Instituto Politécnico Nacional. Es doctor en Educación por el Instituto de Estudios Universitarios, campus Puebla.</p>', 'img/investigadores/43-Dr. Salvador Contreras Hernández.jpg', 1, 5),
(4, 'M. en G. Galeana Victoria Luis Gustavo', 'LICENCIATURA EN INFORMÁTICA ADMINISTRATIVA', 'MAESTRÍA EN GESTIÓN DE TECNOLOGÍAS DE INFORMACIÓN', '', 'gustavo.galeana@upvm.edu.mx', '<p>Licenciado en Informática Administrativa con Maestría en Gestión de Tecnologías de Información. Especialista en Redes de Computadoras y Administración de Centros de Computo, Experiencia de 7 años en la industria privada en áreas de soporte técnico, gestión de mesa de ayuda, conexión de equipos de cómputo, desarrollo Web, auditoría informática y gestión de recursos tecnológicos. Conocimientos en Sistemas operativos y de red, desarrollo Web, configuración de plataformas LMS, gestión de proyectos de tecnología educativa, producción de material audio visual, manejo de plataformas Web 2.0, con un dominio del idioma Inglés del 80% Docente Investigador del Año 2009 a la fecha, he laborado en la Universidad Icel, Centro Cultural Universitario IIC, Universidad Politécnica del Valle de México, Universidad del Valle de México y la Universidad Abierta y a Distancia de México. Actualmente en el área de conocimiento de Hardware y Redes de la División de Ingeniería en Informática como instructor de Cisco Academy y colaborador activo del Cuerpo Académico “Las Nuevas Tecnologías de la Información y las Comunicaciones en la Gestión del Conocimiento\" Tutor de posgrado de la Maestría en Gestión de Tecnologías de Información y Comunicaciones y especialista en las áreas de conocimiento de: Hardware y Redes de Computadoras, Administración y Gestión de proyectos tecnología, lógica de programación, desarrollo Web, Desarrollo de aplicaciones Móviles, gestión de sistemas operativos, administración de servidores, administración de la función informática así como de implementación de proyectos de educación a distancia</p>', 'img/investigadores/43-Mtro. LUIS GUSTAVO GALEANA VICTORIA.jpg', 1, 5),
(5, 'M. en C. Gama Campillo Antonio', 'LICENCIATURA COMO OCEANÓLOGO', 'MAESTRÍA EN CIENCIAS DE LA EDUCACIÓN', '', 'agama@upvm.edu.mx', '<p>Oceanologo, con especialidad en Física egresado de la Facultad de Ciencias Marinas de la Universidad Autónoma de Baja California. Maestro en Ingeniería Informática por la Facultad de Ingeniería de la Universidad Nacional Autónoma de México. Maestro en Ciencias de la Educación por la Universidad ETAC. Diplomado en Sistemas de Calidad ISO 9001. Diplomado en Comercio Electrónico por la UNAM. Ha trabajado desde 1993 en la iniciativa privada desempeñándose como consultor de sistemas para varias empresas e instituciones financieras. Ha impartido cátedra en la Universidad Nacional Autónoma de México desde 1995 en la FES-Acatlán y la FES Cuautitlán. Se desempeña actualmente como Profesor de Tiempo Completo en la Universidad Politécnica del Valle de México dentro de la División de Ingeniería en Informática. Ha sido Jurado de diversos concursos académicos a nivel Estatal. Es Evaluador de CONAIC para programas académicos. Acreditador de Competencias por CONOCER. Evaluador de proyectos de investigación para el COMECYT. Integrante del Cuerpo Académico de Tecnologías Inteligentes Aplicadas en la UPVM. Autor de varios libros y artículos en congresos nacionales e internacionales. Tiene un Registro de Modelo de Utilidad, otorgado por el IMPI Colaboró como parte del grupo interinstitucional por parte de CICESE durante la instalación de la primera supercomputadora CRAY en la UNAM (1993).</p>', 'img/investigadores/43-M. en C. Antonio Gama Campillo.jpg', 1, 5),
(6, 'M. en A. García Jara Diego', 'INGENIERÍA EN GEOFÍSICA', 'MAESTRÍA EN ADMINISTRACIÓN', '', 'dgarcia@upvm.edu.mx', '<p>Ingeniero Geofísico UNAM. Posgrados en: Maestría en Administración UVM, ©Dr. En Educación IEU Puebla México 100% créditos, Diplomado en Educación Superior Universidad Hispanoamericana Campus Coacalco Estado de México. Actualmente se desempeña como profesor investigador PTC. Nivel “B” desde 2007, en la Universidad Politécnica del Valle de México, en el área de Tecnologías de la Información y Comunicaciones. Ha impartido clase en los niveles profesional y posgrado en la Universidad Politécnica del Valle de México, Universidad Hispanoamericana, Instituto Técnico y Bancario San Carlos, Universidad del Valle de México (UVM), UNITEC Campus Ecatepec, Coordinador del centro de Computo Universidad Justo Sierra Campus Acueducto, Subdirector de Apoyo y Desarrollo Académico en UPVM, en el periodo 2011-2012. Es integrante del cuerpo académico en UPVM reconocido por el Programa para el Desarrollo Profesional Docente (PRODEP). Perfil Deseable hasta el 2024 del mismo organismo. Colabora en líneas de investigación en el CA “Nuevas Tecnologías de la Información y Comunicaciones para la Gestión del Conocimiento”, reconocido por PRODEP. Presidente de la Academia de Ciencias Básicas de la División de Ingeniería en Informática. Cuenta con experiencia en la realización de proyectos Hidroeléctricos e investigación del desarrollo tecnológico e interpretación en CFE e Iniciativa Privada, con publicaciones en el área Educativa, aplicaciones de herramientas matemáticas e informáticas en apoyo a la enseñanza de las matemáticas, física y áreas de ciencias básicas y de divulgación del conocimiento.</p>', 'img/investigadores/43-Ing. Diego García Jara - Semblanza.jpg', 1, 5),
(7, 'M. en A. Hernández Cedillo Genaro', 'INGENIERÍA EN COMUNICACIONES Y ELECTRÓNICA', 'MAESTRÍA EN ADMINISTRACIÓN', '', 'ghernandez@upvm.edu.mx', '<p>Cursé la Licenciatura en Ingeniería en Comunicaciones y Electrónica en el Instituto Politécnico Nacional y la Maestría en Administración, en la Universidad del Valle de México. Posteriormente curse el Doctorado en Educación en el Instituto de Estudios Universitarios. Actualmente soy candidato a Doctor con el tema de Tesis “Determinación del nivel de conocimiento desarrollado con la plataforma Cisco Netacad en el aprendizaje de Escalamiento de Redes de Computadoras” Tengo 20 años de experiencia como docente impartiendo asignaturas en Licenciatura y Maestría en diferentes Instituciones de Educación Superior como la Universidad de Valle de México, Universidad ICEL, Tecnológico de Estudios Superiores de Coacalco, Universidad ETAC y actualmente en Universidad Politécnica del Valle de México como Profesor investigador de tiempo completo y presidente de academia de Hardware y Redes. Principales logros: 1. Instructor certificado del Programa CCNA (Cisco Certified Networking Associate), de Cisco. 2. Diplomado en Docencia por parte de Académica institución auspiciada por Telmex. 3. Participación en el programa Proyecta 100,000, para el estudio del idioma Ingles, en la Alliat International Univesity, en San Diego California USA. Nivel internacional B1. 4. Certificado CONOCER (Consejo Nacional de Normalización y Certificación de competencias Laborales), en la norma EC0076. (Evaluación de la competencia de candidatos con base en Estándares de Competencia), EC0107 (Manejo de procesadores de textos digitales) 5. Evaluador CONAIC (Consejo Nacional de Acreditación en Informática y Computación A.C) 6. Evaluador de concurso Premio Estatal de Ciencia y Tecnología por parte del COMECYT 7. Instructor certificado de redes GPON por parte de la ITU (International Telecommunication Union) 8. Organizador del Evento de India Technology and Culture, llevado a cabo en las instalaciones de la Universidad y con participación de integrantes de la Embajada de la India. 9. Organizador del primer Concurso Regional de Redes CCNA Cisco 2015. Universidad Politécnica del Valle de México. 10. Ponente en el I Workshop de Investigación GUESSS-LATAM, con la ponencia programa KRIPTO (Encriptación de mensajes con Estenografía).</p>', 'img/investigadores/43-Mtro. Genaro Hernández Cedillo.jpg', 1, 5),
(8, 'Dr. Ortiz Quiroga Hugo', 'LICENCIATURA EN INFORMÁTICA', 'MAESTRÍA EN TECNOLOGÍAS DE LA INFORMACIÓN Y COMUNICACIONES', 'DOCTORADO EN DOCENCIA E INVESTIGACIÓN SOCIAL', 'hugo.ortiz@upvm.edu.mx', '<p>Informático, con especialidad en temas de programación, soy egresado del Instituto Tecnológico de Tlalnepantla. Maestro en Tecnologías de la Información y Comunicaciones. Doctor en investigación Social y Docencia. Cuento con una serie de cursos y diplomados en el área de Computación. He trabajado desde el 2000 en la iniciativa privada desempeñándome como personal del área de sistemas. He impartido docencia en instituciones incorporadas a la Universidad Nacional Autónoma de México desde 2013. Actualmente, me desempeño como Profesor de Tiempo Completo en la Universidad Politécnica del Valle de México dentro de la División de Ingeniería en Tecnologías de la Información. He participado como jurado en diversos concursos académicos a nivel Estatal. Soy Acreditador de Competencias por CONOCER. Evaluador de proyectos de investigación para el COMECYT. Soy Representante del Cuerpo Académico de Tecnologías Inteligentes Aplicadas en la UPVM. Autor de varios libros y artículos en congresos nacionales e internacionales. Cuento con Perfil deseable ante la Dirección General de Universidades Tecnológicas y Politécnicas. En este momento me encuentro desarrollando investigación enfocada a las tecnologías inteligentes.</p>', 'img/investigadores/43-Dr. Ortiz Quiroga Hugo.jpg', 1, 5),
(9, 'Dr. Robles Montero Zen Omael', 'INGENIERÍA EN COMPUTACIÓN', 'MAESTRÍA EN TECNOLOGÍAS DE LA INFORMACIÓN Y COMUNICACIONES', 'DOCTORADO EN EDUCACIÓN', 'zen.robles@upvm.edu.mx', '<p>Ingeniero en Computación, egresado de la Universidad Autónoma del Estado de México. Maestro en Formación Docente por la Universidad San Carlos. Maestro en TIC y Especialidad en Desarrollo de Sistemas de Computación y Comunicación. Doctor en Educación, egresado de la Universidad Abierta de San Luis Potosi. Ha trabajado desde 2004 en la iniciativa privada desempeñándose como consultor de sistemas para varias empresas e instituciones financieras. Ha impartido cátedra en Preparatorias Oficiales. Se desempeña actualmente como Profesor de Tiempo Completo en la Universidad Politécnica del Valle de México dentro de la División de Ingeniería en Informática. Ha sido Jurado de diversos concursos académicos a nivel Estatal. Es Evaluador de CONAIC para programas académicos. Acreditador de Competencias por CONOCER. Evaluador de proyectos de investigación para el COMECYT. Integrante del Cuerpo Académico de Tecnologías Inteligentes Aplicadas en la UPVM. Autor de varios libros y artículos en congresos nacionales e internacionales.</p>', 'img/investigadores/43-Dr. Robles Montero Zen Omael.jpg', 1, 5),
(10, 'Dr. Salazar Vázquez Fernando Adolfo', 'LICENCIATURA EN ARQUITECTURA', 'MAESTRÍA EN ALTA DIRECCIÓN', 'DOCTORADO EN EDUCACIÓN', 'fernando.salazar@upvm.edu.mx', '<p>LICENCIATURA EN ARQUITECTURA, UNIVERSIDAD AUTONOMA METROPOLITANA ATZCAPOZALCO, DISTRITO FEDERAL,TITULO, CEDULA PROFESIONAL 1195086 MAESTRIA EN ALTA DIRECCION, ESCUELA SUPERIOR DE ESTUDIOS HUMANISTICOS COACALCO, MÉXICO, GRADO, CEDULA PROFESIONAL 5353449 DOCTORADO EN EDUCACIÓN, INSTITUTO UNIVERSITARIO INTERNACIONAL DE TOLUCA TOLUCA, MÉXICO, GRADO, CEDULA PROFESIONAL 08753658 Elaboración de contenidos, realizando el aseguramiento de la calidad y textos alternos para la Universidad Abierta y a Distancia (UNAD) Autor del libro “PROBABILIDAD Y ESTADISTICA” ISBN 9786070031694</p>', 'img/investigadores/43-Dr. Salazar Vázquez Fernando Adolfo.jpg', 1, 5),
(11, 'Dra. Sánchez Estrada Zulma', 'LICENCIATURA EN PSICOLOGÍA SOCIAL', 'MAESTRÍA EN TERAPIAS PSICOSOCIALES', 'DOCTORADO EN TECNOLOGÍA EDUCATIVA', 'zulma.sanchez@upvm.edu.mx', '<p>• Líder de proyecto de Certificaciones por Competencias por parte del CONOCER, gestión de la apertura de la Entidad Certificadora en la Universidad. • Líder de proyecto de Escuela Inclusiva, en donde se participó en dos ocasiones en el Programa para la Inclusión y la Equidad Educativa, en donde se obtuvieron recursos para el adelantamiento del proyecto. • Participé como evaluadora de la Entidad Certificadora. • Participación en el capítulo Universitario de Seguridad e Higiene y Calidad de la división de Ingeniería Industrial. • Presidente de academia del área de conocimiento de Consultoría en la División de Informática. • Perfil Deseable por parte de PODEP. • Contratación de tiempo indeterminado. • Participación del proyecto institucional Juntos adelante, igualdad, inclusión, cultura de paz y No violencia, como líder del área correspondiente a la inclusión. • Participación en la certificación por parte de IPMA ( The InternationalProject Management Association) Nivel C y D. • Participación en la Certificación por parte del CONOCER en Gestión de Trabajo por Proyectos, Gestión de Tutoría Grupal e Individual y dirección de Centros de Incubación y desarrollo Empresarial. • Publicación de más de 7 libros y artículos de investigación. • Alianza estratégica con proyectos de Empresas Cooperativas y Proyectos Sociales con perspectiva de género. • Directora de Tesis en la Maestría de Tecnologías de la Información y Comunicación.</p>', 'img/investigadores/43-Dra. Sánchez Estrada Zulma.jpg', 1, 5),
(12, 'Dra. Sánchez García Judith Ruby', 'LICENCIATURA EN SISTEMAS COMPUTACIONALES', 'MAESTRÍA EN TECNOLOGÍAS DE LA INFORMACIÓN Y COMUNICACIONES', 'DOCTORADO EN EDUCACIÓN', 'judith.sanchez@upvm.edu.mx', '<p>Licenciatura en sistemas computacionales por la Universidad Autónoma del Estado de Hidalgo. Maestría en Tecnologías de la información y comunicaciones, por la Universidad Politécnica del Valle de México Doctorado en Educación por la Universidad Etac Integrante del cuerpo académico en consolidación Tecnologías Emergentes línea de investigación aprovechamiento de la tecnología en la educación con proyectos relacionados con educación a distancia, diseño web, experiencias inmersivas, realidad mixta, análisis y diseño de sistemas, diseño y desarrollo de videojuegos todo alineado a estructurar una nueva línea de investigación llamada cómputo educativo, que contribuye a desarrollar, implementar y difundir soluciones emergentes en beneficio de la formación profesional y ciencias de la educación.</p>', 'img/investigadores/43-Dra. en E. Judith Ruby Sánchez García.jpg', 1, 5),
(13, 'Dra. Sánchez Vázquez Elizabeth', 'LICENCIATURA EN COMUNICACIÓN COLECTIVA Y PERIODISMO', 'MAESTRÍA EN COMUNICACIÓN', 'DOCTORADO EN EDUCACIÓN', 'elizabeth.sanchez@upvm.edu.mx', '<p>Profesora Investigadora de la Universidad Politécnica del Valle de México, colaboradora en el Cuerpo Académico de Las Nuevas Tecnologías de la Información y Comunicación, para la Gestión del Conocimiento. Ha participado en distintos proyectos de comunicación, con el Instituto Mexicano de la Radio, Radio Educación y en Radio Mexiquense. Asesora de proyectos y Evaluadora en el Concurso Feria de Ciencias del Consejo Mexiquense de Ciencia y Tecnología. Colabora como evaluadora externa de la revista argentina, Perspectivas de Políticas Públicas, de la Universidad Nacional de Lanús, también para la revista española de Investigación en Tecnologías de Investigación.</p>', 'img/investigadores/43-Dra. Elizabeth Sánchez Vázquez.jpg', 1, 5),
(14, 'M. en C. Suarez Jacobo Martin', 'INGENIERÍA INDUSTRIAL EN ELECTRÓNICA', 'MAESTRÍA EN CIENCIAS EN INGENIERÍA ELECTRÓNICA', '', 'msuarez@upvm.edu.mx', '<p>Es un profesional con amplia experiencia en la industria de telecomunicaciones en áreas como: Ingeniería de Radiofrecuencia, Operación de Red de Computadoras y Administración de Proyectos en compañías lideres en el mercado mexicano. Ha trabajado como ingeniero de campo, administrador de proyectos y consultor senior en telecomunicaciones, durante las principales etapas de los proyectos, tales como: inicio y puesta en servicio de backbones de redes de telecomunicaciones, operación rutinaria del centro de operaciones y en la apertura de nuevos mercados. Posee experiencia práctica en la instalación y operación de equipo de telecomunicaciones para redes locales y de área amplia, utilizando tecnologías alámbricas e inalámbricas (LAN/WAN), en la instalación y servicio de telefonía fija inalámbrica (WLL), enlaces de microondas (PP/PMP), soporte técnico y operación de telefonía móvil (Radios CDMA, GSM/EDGE) y en proyectos de redes inalámbricas (WiFi/Bluetooth/IoT), enfocado en el análisis, tratamiento y protección de la informacion. Ha desarrollado análisis e implementaciones de proyectos de voz y datos de aplicando metodologías de estándares de gestión de proyectos y de bajo el cumplimiento de estándares internacionales, a la vez que ha proporcionado entrenamiento y capacitación a equipos interdisciplinarios de trabajo en ambientes colaborativos de clase mundial y con calidad en el servicio. Actualmente se encuentra en la Universidad Politécnica del Valle de México, como Profesor de Tiempo Completo adscrito a la Dirección de División de Ingeniería en Informática.</p>', 'img/investigadores/43-M. en C. Martín Suárez Jacobo.jpg', 1, 5),
(15, 'Dra. Tizli Cruz María Patricia', 'INGENIERÍA EN COMUNICACIONES Y ELECTRÓNICA', 'MAESTRÍA EN TECNOLOGÍAS DE LA INFORMACIÓN Y COMUNICACIONES', 'DOCTORADO EN EDUCACIÓN', 'patricia.tzili@upvm.edu.mx', '<p>Profesora investigadora de la Universidad Politécnica del Valle de México, Ingeniera en Comunicaciones y Electrónica egresada el Instituto Politécnico Nacional, con Maestría en Tecnologías de la Información y Comunicaciones por la Universidad Politécnica del Valle de México y Doctora en Educación por la Universidad ETAC, además cuenta con Perfil Deseable. Trabajos de investigación publicados en el área de tecnología y coescritora del libro Posibilidad de la superinteligencia artificial (2020) publicado por la editorial Rosa Ma Porrúa. Participación en conferencias del área de Inteligencia Artificial en los temas de procesamiento de lenguaje natural y análisis de sentimientos. Evaluadora de programas educativos por parte de Consejo Nacional de Acreditación en Informática y Computación A. C.</p>', 'img/investigadores/43-Dra. María Patricia Tzili Cruz.jpg', 1, 5),
(16, 'Dr. Miguel Morales Rodríguez', 'Ingeniero Físico', 'Maestro en Ciencias con Especialidad en Ciencia de los Materiales', 'Doctor en Ciencia e Ingeniería de Materiales', 'nano@upvm.edu.mx', '<p>El Dr. Miguel Morales Rodríguez (Cd. De México, 1973), es Ingeniero Físico por la Universidad Autónoma Metropolitana - Unidad Azcapotzalco (UAM-A),Maestro en Ciencias con Especialidad en Ciencia de los Materiales por la Escuela Superior de Física y Matemáticas del Instituto Politécnico Nacional (IPN), Doctor en Ciencia e Ingeniería de Materiales por la UAM-A e hizo una Estancia Posdoctoral en la Unidad Profesional Interdisciplinaria en Ingeniería y Tecnologías Avanzadas del IPN con el proyecto “Efecto SERS de nanopartículas de Cobre embebidos en nanoalambres de Óxido de Zinc” (2014). Sus líneas de investigación son el estudio de propiedades físicas de micro y nano estructuras superficiales. Cuenta con 25 publicaciones sobre nanotecnología y ciencia de materiales. Como docente de ingeniería se ha desarrollado desde 2002 en instituciones como: Universidad Autónoma Metropolitana - Unidad Azcapotzalco, Unidad Profesional Interdisciplinaria de Biotecnología del IPN, Escuela Superior de Ingeniería Química e Industrias Extractivas del IPN. Su experiencia en la labor académica-administrativa ha sido como: Subdirector Académico en el Instituto Tecnológico Superior de los Ríos en Balancán, Tabasco (2009-2011); Director de la Unidad Académica de Ing. en Nanotecnología de la Universidad Politécnica de Sinaloa en Mazatlán, Sinaloa (2015-2020); en dos etapas Director de la División de Ing. en Nanotecnología en la Universidad Politécnica del Valle de México en Tultitlán, Estado de México (2014- 2015 y desde Enero de 2020). Mayor información: https://www.researchgate.net/profile/Miguel-Morales-Rodriguez</p>', 'img/investigadores/37-Dr. Miguel Morales Rodríguez.jpg', 1, 4),
(17, 'Dr. Daniel Hernández Patlán', 'QFB por la Faculta de Estudios Superiores Cuautitlán', 'Maestro en Ciencias', 'Doctor en Ciencia', '', '<p>En 2011 obtuvo el título de QFB por la Faculta de Estudios Superiores Cuautitlán, UNAM; en 2014 obtuvo el grado de Maestro en Ciencias, y en 2019 se graduó como Doctor en Ciencia, en el programa de Producción y Salud Animal, UNAM. Como parte de su formación profesional, ha realizado estancias de investigación en el Departamento de Ciencias Avícolas de la Universidad de Arkansas en EUA y en la Facultad de Farmacia de la Universidad Clermont-Auvergne, Francia. A la fecha, ha publicado 22 artículos de investigación en revistas internacionales arbitradas y 4 capítulos de libros internacionales. Además, ha participado como revisor en revistas científicas indexadas al JCR, dentro de las cuales destacan: Scientific Reports, Frontiers in Veterinary Science, Frontiers in Physiology, Archives of Microbiology y Foodborne Pathogens and Diseases. Desde 2010 forma parte del grupo de trabajo del Laboratorio de Ensayos de Desarrollo Farmacéutico (LEDEFAR) en la FESC, UNAM, en donde ha colaborado en proyectos relacionados con el desarrollo y validación de métodos analíticos, desarrollo de pruebas de disolución, y en estrategias para el incremento de la solubilidad y permeabilidad de fármacos mediante dispersiones sólida y sistemas micro y nanoparticulados. Además, ha participado en diversos proyectos para la SAGARPA (ahora SADER) / SENASICA, en materia de regulación de productos químico-farmacéuticos y biotecnológicos de uso veterinario. Actualmente se desarrolla profesionalmente en la empresa farmacéutica Nysco de México como químico de desarrollo farmacéutico y es profesor de tiempo completo en la Universidad Politécnica del Valle de México, adscrito al Sistema Nacional de Investigadores Nivel 1 del CONACYT.</p>', 'img/investigadores/38-Dr. Daniel Hernandez Patlan.jpg', 1, 4),
(18, 'Dra. Jayanthi Narayanan', 'Licenciatura en ciencias químicas', 'Maestría en ciencias químicas', 'Doctorado en ciencias químicas', '', '<p>La doctora Jayanthi Narayanan es profesora e investigadora en la división de Ingeniería en Nanotecnología de Universidad Politécnica del Valle de México. Obtuvo su licenciatura y maestría en ciencias químicas de la Universidad Bharathidasan, India, y su doctorado en ciencias químicas en Facultad de química de la UNAM. Actualmente, es investigadora Nivel-I del sistema nacional de investigadores, y cuenta con reconocimiento Profesora con perfil deseable de PRODEP. La doctora es evaluadora Acreditada de CONACYT e integrante en RED NANOCIENCIAS Y NANOTECNOLOGIA de CONACYT. Ademas, la doctora es revisora en los siguientes revistas internacionales de JCR: Journal of Photochemistry and photobiology (Region America y Asia), Journal of Heterocyclic Chemistry, y Journal of Industrial Engineering and Chemistry. La doctora es responsable del Cuerpo Académico “Grupo Nanociencias y Nanotecnologia” reconocido por PRODEP. Fue generadora de RED “Nanomateriales en aplicación ambiental” reconocido por PRODEP, la cual está integrado por los cuerpos académicos de Universidad Politécnica del Valle de México (iniciadora), Universidad de Sonora, Universidad Autónoma de Baja California, UNAM, y Universidad Bharathidasan de la India. La doctora ha ganado financiamiento para los proyectos como responsable técnico por PRODEP y CONACyT. Su línea de investigación consta de síntesis y caracterización de nano-materiales orgánicas e inorgánicas con aplicación ambiental y biotecnología. Ha desarrollado quimio-sensores verdes para detección de metales pesados en aguas residuales. Ha publicado 38 articulas en revistas internacionales de JCR, y más de 40 trabajos en los congresos nacionales e internacionales. Ha asesorado a los alumnos que realizan estancia y estadía de investigación bajo de programas nacionales, tales como Verano de la investigación científica y tecnológica del pacifico, DELFIN y Espacio común de educación superior tecnológico (ECEST). La doctora, recientemente ganó el premio y reconocimiento de Mujeres Científicas en la investigación otorgado por COMECYT, además, algunos de sus proyectos asesorados fueron ganadores en las ferias de emprendimientos que celebrados en la “Feria de Ciencias e Ingenierías del Estado de México (FECIEM)” y Universidad Politécnica del Valle de México.</p>', 'img/investigadores/39-Dra. Jayanthi Narayanan.jpg', 1, 4),
(19, 'Dr. Jorge Fernández Retana', 'Llicenciatura en Biología', 'Maestría en Biomedicina Molecular', 'Doctorado en Ciencias', '', '<p>El doctor Jorge Fernández Retana es Profesor Investigador de Tiempo Completo en la Universidad Politécnica del Valle de México (UPVM) campus Tultitlán en el departamento de Nanotecnología y forma parte del núcleo academico del programa de Doctorado en Ciencia de Materiales. Obtuvo su licenciatura en Biología en la FES Iztacala de la UNAM, cuenta con una Maestría en Biomedicina Molecular por parte de la ENMyH del IPN y Doctorado en Ciencias por el posgrado de Ciencias Biológicas de la UNAM. Desde el 2008 a participado como catedrático en diversas instituciones de educación superior. Fue profesor de tiempo completo y coordinador de los laboratorios de docencia e investigación de la Universidad estatal del Valle de México (UNEVE). </p>', 'img/investigadores/40-Dr. Jorge Fernández Retana.jpg', 1, 4),
(20, 'DR. Hector Cruz Mejia', 'Ingeniero Químico Metalúrgico', 'Maestro en Metalurgia', 'Doctor en ingeniería con mención honorifica por la Facultad de Química de la Universidad Nacional Autónoma de México', 'hector.cruz@upvm.edu.mx', '<p>El Dr. Héctor Cruz Mejía es Doctor en ingeniería con mención honorifica por la Facultad de Química de la Universidad Nacional Autónoma de México, Maestro en Metalurgia e Ingeniero Químico Metalúrgico por esta misma institución. Al termino de sus estudios doctorales realizo una estancia posdoctoral en la Facultad de ingeniería Mecánica y Eléctrica de la Universidad Autónoma de Nuevo León en 2008. En este año fue reconocido por el Programa de Desarrollo Profesional Docente con el nombramiento de profesor con Perfil Deseable. Ha sido colaborador de diversos proyectos de investigación básica y aplicada al lado de diferentes investigadores nacionales de instituciones de educación superior y empresas del sector privado. Es miembro del Comité Académico Metalúrgico de la Sociedad Mexicana de Fundidores y asesor académico del capítulo estudiantil SMMater-UPVM afiliado a la Sociedad Mexicana de Materiales. Cuenta con una trayectoria de más de 20 años de experiencia industrial y docente. Actualmente se desempeña como profesor investigador en la División de Ingeniería en Nanotecnología de la Universidad Politécnica del Valle de México y como profesor de asignatura en la Facultad de Química de la UNAM donde efectúa sus actividades de docencia, e investigación. Sus líneas de investigación son: • Control de calidad de aleaciones comerciales a partir del análisis de curvas de enfriamiento asistido por computadora. • Fabricación de materiales compuestos de matriz metálica y polimérica reforzados por nanopartículas metálicas y cerámicas para la industria electrónica y automotriz. • Aplicación de materiales para el almacenamiento y conversión de energía. • Desarrollo y aplicación de nano fluidos para su empleo en el temple de aceros y aleaciones no ferrosas. ULTIMAS PUBLICACIONES. The Synthesis of Aluminum Matrix Composites Reinforced with FeAl Intermetallic Compounds by Ball Milling and Consolidation. Roberto Ademar, Rodríguez Díaz, Sergio Rubén Gonzaga Segura, José Luis Reyes Barragán, Víctor Ravelero, Vázquez, Arturo Molina Ocampo, Jesús Porcayo Calderón, Héctor Cruz Mejía, Carlos, Alberto González Rodríguez and Jesús Israel Barraza Fierro. Applied Sciences (2021), Vol. 11 No. 9 pp 1-19. Formation of the Ni31Si12 phase induced by the irradiation of nickel ions on the eutectic, α-Ni-Ni3Si-monoclinic, with a 380 dpa dose. Carlos Alberto CamachoOlguín, Arturo Garcia-Borquez, Vicente Paz del Angel, J. Ascencion Montoya-De La Fuente, Carlos Alberto González-Rodríguez Luz María Ramos-Tercero, Hector CruzMejia &amp; Roberto A. Rodriguez-Diaz. (2020). Radiation Effects and Defects in Solids, Vol. 175 No. 9-10, 925-937. Electrochemical Performance of Fe40Al-X (X = Cr, Ti, Co, Ni) Alloys Exposed to Artificial Saliva. Cinthya Dinorah Arrieta-Gonzalez, Roberto Ademar Rodriguez-Diaz, Jan Mayen, Rogel Fernando Retes-Mantilla, María Teresa TorresMancera, Lya Adlih Oros-Méndez, Héctor Cruz-Mejía, Nestor Starlin Flores-Garcia and Jesús Porcayo-Calderón. (2020) Materials. Vol. 13 No 5. pp 1-20 Análisis de la solidificación de aleaciones Zn-Al a partir del método de Newton. Sara Cruz Guerrero, Israel Lázaro becerril, Israel Munguía Huerta, José Antonio Juanico Loran, Hector Cruz Mejia. (2019) Revista de Energía Química y Física Vol. 6 No 18, pp 1-7. Evaluation of damage induced by high irradiation levels on α-Ni-Ni3Si eutectic structure, Carlos Alberto Camacho Olguin, Arturo García Bórquez, Carlos Alberto Gonzalez Rodríguez, José Antonio Juanico Loran, Hector Cruz Mejia. (2015) Radiation Effects and Defects in Solids. Vol. 170 No 6. pp 519-527.</p>', 'img/investigadores/41-DR. HECTOR CRUZ MEJIA.jpg', 1, 4),
(21, 'Dr. Ricardo Cisneros Tamayo', 'Técnico Superior Universitario en Informática Ingeniero en Comunicaciones y Electrónica', 'Maestro en Tecnología Avanzada', 'Doctor en Comunicaciones y Electrónica', '', '<p>Nació en la ciudad de Cuautla, Morelos y en el año 2006, obtuvo su título de Técnico Superior Universitario en Informática por la Universidad Tecnológica Emiliano Zapata (UTEZ). Es Ingeniero en Comunicaciones y Electrónica por la Escuela Superior de Ingeniería Mecánica y Eléctrica del Instituto Politécnico Nacional (ESIMEIPN). Posteriormente realizó estudios de posgrado en la Unidad Profesional Interdisciplinaria en Ingeniería y Tecnologías Avanzadas del Instituto Politécnico Nacional (UPIITA-IPN) donde obtuvo el grado de Maestro en Tecnología Avanzada en el 2012. Realizó su Doctorado en la Sección de Estudios de Posgrado e Investigación de la ESIME – IPN, donde obtuvo el grado de Doctor en Comunicaciones y Electrónica en el 2018. Durante el año 2014 realizó una estancia de Investigación sobre Óptica de Silicio en la Universidad de Mc-Master en Hamilton, Canadá, presentando los resultados de su trabajo en la Universidad de Laval, Quebec del mismo país. Desde el 2015 es Profesor-Investigador de Tiempo Completo en la Universidad Politécnica del Valle de México(UPVM), en donde actualmente imparte clases en la División de Ingeniería en Nanotecnología. Su interés y área de especialidad es el estudio de los materiales semiconductores de los grupos II-V, II-VI, puntos cuánticos y películas delgadas para aplicaciones en dispositivos optoelectrónicos, además de Sistemas Dinámicos no lineales. Durante su trayectoria profesional en la UPVM, ha participado en la actualización del Plan y Programa de estudio curricular 2018 de la Carrera de Ingeniería en Nanotecnología. Cuenta con Reconocimiento a Perfil Deseable en el Programa para el Desarrollo Profesional Docente (PRODEP) desde el 2019. Es colaborador activo del cuerpo académico Grupo de Nanociencia y Nanotecnología. Durante su carrera académica, ha sido responsable de diversos proyectos de investigación quedando como finalista en la Feria de Ciencias e Ingenierías del Estado de México (FECIEM) organizado por el Consejo Mexiquense de Ciencia y Tecnología (COMECYT) con el proyecto titulado: Comunicaciones Seguras a Nivel de Hardware. Es supervisor académico del Capitulo Estudiantil SMMAter-UPVM (Sociedad Mexicana de Materiales) reconocida y apoyada por la Material Research Society (MRS). Cuenta con estudios avanzados y especializados sobre microscopia de fuerza atómica (AFM) por el Centro de Nanociencias y Micro y Nanotecnologías (CNMN) del IPN. Desde el año 2020 cuenta con el reconocimiento por parte del Consejo Nacional de Ciencia y Tecnología (CONACYT), como miembro del Sistema Nacional de Investigadores (SNI) Nivel I. El Dr. Cisneros, en conjunto con la incubadora de empresas de la Universidad Politécnica del Valle de México, así como con otros profesores y alumnos, ha participado en diversas convocatorias tales como: Santander Pharma Cup, Santander Premio a la Innovación, Santander ponte la Verde, Reto Zapopan, Posible, Mi Cochinito, etc., siendo ganador y finalista en algunas de ellas. Con esto, el Dr. Cisneros busca impulsar la generación de proyectos de alto impacto social que estimulen en los jóvenes universitarios una cultura emprendedora que promueva la generación y el desarrollo de empresas con alto potencial de crecimiento y valor agregado para el país. Ha mostrado su trabajo participando en varios congresos nacionales como internacionales. Así mismo, cuenta con varios artículos publicados en revistas indexadas. Ha tenido una nutrida participación como formador docente, conferencista y director de tesis de posgrado.</p>', 'img/investigadores/42-Dr. Ricardo Cisneros Tamayo.jpg', 1, 4),
(22, 'Mtro. Milton Uri Bautista Garrido', 'FINANZAS, FISCAL Y CONTABLE', 'Maestría en Administración', '', '', '<p>Contador Público con Maestría en Administración, cuenta con más de 20 años de experiencia en las áreas de auditoría, consultoría contable y fiscal, contraloría y administración, es socio fundador de la firma Accounting Risk Solutions, despacho dedicado a la consultoría contable, administrativa y fiscal; cómo catedrático cuenta con más de 15 años de experiencia en instituciones como la Universidad Politécnica del Valle de México, Universidad del Valle de Mexico y el TEC de Monterrey.</p>', 'img/investigadores/45-Mtro. Milton Uri Bautista Garrido.jpg', 1, 1),
(23, 'Mtra. Lucina Chia Lòpez', 'sd', 'Maestra en Administración', '', '', '<p>MAESTRA CON GRADO, CON EXPERIENCIA DE 8 AÑOS A NIVEL POSGRADO Y CON 30 AÑOS A NIVEL LICENCIATURA,EXPERIENCIA EN LA INDUSTRIA DE 20 AÑOS CON ACTITUD PROACTIVA, ALTO SENTIDO DE RESPONSABILIDAD, COMPROMISO INSTITUCIONAL Y PROFESIONALISMO, SIEMPRE ORIENTADO AL TRABAJO COLABORATIVO CON FILOSOFÍA EN LA ALTA CALIDAD, ENFOCADO A RESULTADOS INDIVIDUALES Y EN EQUIPO.COLABORE COMO DIRECTOR DE ADMINISTRACION Y FINANZAS EN LA UNIVERSIDAD DE ECATEPEC , CORDINADOR DE ADMINISTRACION Y FINANZAS EN LA UNIVERSIDAD MEXICANA ,EN LA EMPRESA INFOCAJACOMO GERENTE DE VENTAS Y GERENTE GENERAL , EN EL CONALEP COMO JEFE DE PROYECTO DE SERVICIOS ESCOLARES , ACADEMICIS, VINCULACION Y TITULACION , CAPACITACIONPARA EL TRABAJO EN TRE OTROS . DESARROLLE EL PROGRAMA DEL SISTEMA DUAL EN LA UNIVERSIDAD DEL BICENTENARIO EN LA AREAS DE PSICOLOGIA INDUSTRIAL Y CONTADURIA. HE PARTICIPADO EN EXAMENTES DE GRADOS EN UNIVERSIDAD ICEL , Y EN LA UNIVERCIDAD DEL BICENTENARIO ,PARTICIPE EN LA REVISION DE PLANES Y PROGRAMAS DE ESTUDIO EN LA CARRERA DE PSICOLOGIA INDUSTRIA , MENTOS ACADEMICIO DEL SISTEMA DUAL EN LA UPVM PARTICIPE EN EL DESARROLLO DE PROYECTO DEL PSICOPEDAGOGIA EN LA UNIVERSIDAD POLITECNICA DEL VALLE DE MEXICO. HE SIDO AUTORA Y /O COAUTORA DE VARIOS ARTICULOS EN DIVERSOS CAMPOS DE ESTUDIO.</p>', 'img/investigadores/47-Mtra. Lucina Chia Lòpez.jpg', 1, 1),
(24, 'Dra. Susana González Rodríguez', 'Licenciada en Relaciones Industriales. Titulada. ITTLA', 'Maestra en docencia y administración de la Educación Superior. Con grado y cédula profesional. Colegio de estudios de posgrado de la Ciudad de México.', 'Doctora en administración y Doctora© en dirección de organizaciones.- Dra. © en Dirección de Organizaciones. Universidad del Distrito Federal', '', '<p>Laborando como profesor investigador de tiempo completo en la Licenciatura en Administración y gestión de Pymes impartiendo materias de desarrollo humano, administración, mercadotecnia, evaluación de proyectos de inversión, desarrollo emprendedor, logística, metodología de la investigación, derecho.- Docente de Desarrollo Organizacional y Dirección de Factor Humano en maestría.- Profesora asesora de estancias I, II y estadías, - Asesora de tesis de maestría. (siete terminadas y cuatro en proceso).- Tutora. - Evaluador de proyectos de la incubadora de negocios de la UPVM y auditora interna de gestión de calidad.- Presidenta de la academia de desarrollo humano y expresión oral y escrita hasta el 2017.- Sinodal en exámenes de grado para la maestría en administración en la UPVM.* Logros y reconocimientos: - Formar parte del cuerpo académico “Tecnología y Desarrollo Emprendedor” desde el año 2026 cual se encuentra en consolidación; reconocido por PRODEP. Publicando diversos artículos sobre emprendimiento y MiPymes (25 artículos publicados a la fecha en las líneas de investigación mencionadas).- Miembro de la Red Nacional de Investigación de Universidades Tecnológicas y Politécnicas, trabajando actualmente en la Línea de Investigación</p>', 'img/investigadores/47-Dra. SUSANA GONZÁLEZ RODRÍGUEZ.jpg', 1, 1),
(25, 'Mtra. Pilar Patricia Jiménez Lozano', 'Lic. En Informática Administrativa', 'MAESTRIA EN SISTEMAS COMPUTACIONALES', '', '', '<p>Publicación de 7 Artículos • Publicación en revista Científica y Tecnológica“TRANSMISIÓN INALÁMBRICA LIFI ” ISSN correspondiente es 2448-699X• LA SEGURIDAD EN LA MONEDA VIRTUAL BITCOINPublicado en abril de 2019, en el número 11 de la revista Divulgación Científica con ISSN 2448- 699X• “EL RETO DE CREAR INSTITUCIONES DE NIVEL SUPERIOR EN EL ESTADO DE MÉXICO”INTERNACIONAL DE INVESTIGACIÓNACADEMIA JOURNALS MORELIA 2019Articulo No. MRL0466ISBN 978-1-939982-48-3.• Participación en FACIEM del COMECYTAsesor de PROYECTO “IMPLEMENTACIÓN DE DISPOSITIVOS TERMOELÉCTRICOS EN UN AIRE ACONDICIONADO MANIPULABLE DESDE UNA APP MÓVIL”• Primer congreso de cuerpos académicos“Perspectiva del futuro de las Criptomonedas en México”• Congreso internacional de investigación e innovación“DESARROLLO DE UN MODELO DE NEGOCIOS POR TRANSFERENCIA TECNOLÓGICA PARA MEJORAR LA COMPETITIVIDAD”ISSN 2448-6035• Congreso internacional e innovación 2020“LA GENERACIÓN DE MODELOS DE NEGOCIOS COMO DESARROLLO DE EMPRESAS AGROPECUARIAS PARA LA PRODUCCIÓN DE CHILE HABANERO”habanero en el estado de YucatánISSN 2448-6035Manejo de diferentes plataformas Moodle• NEO-LMS• SCHOOLOGY• MICROSOFT TEAMS• CLASSROM</p>', 'img/investigadores/49-Mtra. Pilar Patricia Jiménez Lozano.jpg', 1, 1),
(26, 'Dr. Armando Enrique Juárez Valencia', 'Licenciatura en Administración de Empresas', 'Maestría en Administración', 'DOCTOR en EDUCACIÓN, DOCTOR EN DIRECCIÓN DE ORGANIZACIONES, DR. HONORIS CAUSA, M. A. y LAE.', '', '<p>Académico Investigador de Tiempo Completo en Administración, Innovación y Productividad, egresado de la Licenciatura en Administración de Empresas por la Facultad de Estudios Superiores Cuautitlán de la UNAM., Consultor especializado en Calidad, Innovación y Producción. Con posgrados de Maestría en Administración en la UVM., Doctorado de Educación por el Instituto Internacional Universitario de Toluca, y Doctorado en Dirección de Organizaciones por la Universidad del Distrito Federal. Diplomado en Recursos Humanos y en Desarrollo Organizacional, ambos por el ITAM. Diplomado en Clúster, por el ITESM.Integrante de Cuerpos Académicos dedicados al desarrollo de pequeños y medianos emprendedores en los municipios del Estado de México, integrados a Universidad Politécnica del Valle de México.Asesor de diversos proyectos de tesis a nivel de los estudios superiores (Maestría-Doctorado).Presidente de diversos jurados para exámenes de grado en educación superior (Maestría-Doctorado).Presidente de Academia en la carrera de Administración y Gestión de Pequeñas Empresas.Coordinador de la Maestría en Administración de la Universidad Politécnica del Valle de MéxicoColaborador del Colectivo Juventud Entre Tules A.C., en el Programa de PROEQUIDAD.Integrante de Cuerpo Doctoral – ETAC-ALIAT.Integrante de Comité Editorial de Revista Conexxión de Economía y Administración.Académico en carreras de Administración, Turismo, Derecho, Contaduría, Negocios Gastronómicos, Factor Humano entre otras, para Universidad del Valle de México, Universidad Politécnica del Valle de México, Universidad del Distrito Federal, UNITEC., Universidad Latinoamericana, CEUNI, Universidad del Valle de Anáhuac.Experiencia laboral, a través de más de 25 años, para diversos sectores productivos.Participación en numerosos cursos de diferentes tópicos, la mayoría centrados en las áreas de Calidad, Productividad y Factor y Desarrollo Humano.Creador de artículos de investigación en Ciencias Sociales y Administrativas, registrados en Academia Journals. Director de la empresa consultora, Desarrollo. Administración e Ingeniería de Recursos Humanos A.C. y como Free Lance para despachos de reconocido prestigio.</p>', 'img/investigadores/49-Dr. Armando Enrique Juárez Valencia.jpg', 1, 1),
(27, 'Mtro. Victor Manuel Lopez Ayala', 'sd', 'MAESTRIA EN ADMINISTRACION', '', '', '<p>ACADEMICAProfesor investigador con perfil deseable PRODEP desde 2017Responsable del Cuerpo Académico TECNODEM (Tecnologías y Desarrollo EmprendedorLínea de investigación: Tecnologías, Emprendedurismo y Desarrollo de las OrganizacionesDocente de la Licenciatura en Administracion y Gestión de PymesDocente de la Licenciatura en Administracion y Gestión EmpresarialDocente de la Maestría en Administracion, desarrollando los planes de estudio de las materias de Marco Legal de las Organizaciones y Dirección de Mercados GlobalesTutor de la Licenciatura en Administracion de Gestión Empresarial Director de tesis de alumnos de la Maestría en AdministracionJurado Evaluador en la categoría Proyectos de Inversión del XX Concurso Emprendedor Facultad de Economía UAEMINVESTIGACIONMiembro de la Red Nacional de Investigación de Universidades Tecnológicas y politécnicasConferencista de la Red de UUTTPPMiembro de la Red Internacional de Cooperación Académica COMPA (Colombia, México, Perú y Argentina)Miembro de la Ilustre Academia Iberoamericana de DoctoresOrganizador del PRIMER ENCUENTRO NACIONAL DE INVESTIGADORES EN ADMINISTRACION, CONTADURIA MERCADOTECNIA Y DISCIPLINAS AFINES UPVM 2016Asesor del Programa Verano de la Investigación DELFIN desde 2017PUBLICACIONESEn cuanto producción academia se han publicado un total de 28 artículos tanto en revistas indexadas como arbitradas y algunas de las revistas en donde se ha publicado son:Revista Horizontes de la Contaduría en las Ciencias Sociales, Universidad Veracruzana•Revista Divulgación Científica•Libros electrónicos INIDEM Morelia, MichoacánEstrategias de Innovación para el Desarrollo EmpresarialISBN: 978-607-9096-25-0Desarrollo y Posicionamiento de la Empresa MexicanaISBN: 978-607-9096-29-8La Gestión como Herramienta para el Desarrollo EmpresarialISBN.: 978-607-9096-27-4Nuevos Desafíos y Estrategias para el Desarrollo de las PymesISBN: 978-607-9096-31-1Estrategias para la Competitividad de las PymesISBN: 978-607-9096-32-8•Revista electrónica UAEM (Universidad Autónoma del Estado de México)•Revista electrónica Universidad de Cortázar, Guanajuato•Revista electrónica REDOR (Red para el Desarrollo de las Organizaciones), Universidad Politecnica de Guanajuato•Libro electrónico Responsabilidad Social en las Organizaciones, Universidad Politecnica de Pénjamo</p>', 'img/investigadores/51-Mtro. VICTOR MANUEL LOPEZ AYALA.jpg', 1, 1),
(28, 'M. en C. E. Samuel Medina Mora', 'Licenciatura en Administración', 'Maestría en Ciencias de la Educación', '', '', '<p>EXPERIENCIA PROFESIONAL14 años de experiencia profesional trabajando en distintas empresas, como despachos contables, Grupo Elektra, Zermat Internacional, S. A. de C. V., Marepa, S. A. de C. V.AREAS DE DESEMPEÑO: Administración estratégica, coordinaciones administrativas, Logística, Control presupuestal y AuditoríaNIVEL ADMINISTRATIVO: Coordinación y Gerencia.EXPERIENCIA ACADÉMICA:De 2004 a la fecha en diferentes instituciones privadas y de gobierno.De 21012 a la fecha. Laborando en la UPVM, impartiendo clases en licenciatura de Administración y Gestión de Pymes, Administración y Gestión empresarial y la Maestría de Administración con especialidad en alta dirección.• Impartición de las siguientes materias en la Maestría de Administración especialidad en alta dirección:Plan de negocios, administración estratégica, habilidades directivas, desarrollo organizacional, liderazgo y manejo de escenarios, dirección de mercados globales y enfoques modernos de la administración.• Impartición de las siguientes materias en licenciatura:Metodología de la investigación, seminario de habilidades gerenciales, ética profesional, habilidades organizacionales, desarrollo interpersonal, planeación estratégica, entre otras.• Publicación de artículos de investigación en México y España.• Participación en cuerpo académico.• Dirección de tesis a nivel Maestría.• Participación como sinodal en diferentes exámenes de grado de alumnos de la Maestría en Administración.• Conducción de la Academia de Desarrollo Humano de la División de Administración y Gestión de Pymes.• Participación en la Academia Institucional de Desarrollo Humano de la Universidad Politécnica del Valle de México.• Realización de trabajos de tutoría y asesoría.• Participación en los trabajos iniciales de formación del Centro Academia Industria de la Universidad Politécnica del Valle de México.• Participación en diferentes ferias de emprendimiento como evaluador.• Participación en el diseño curricular de la carrera de Administración y gestión empresarial, como miembro del Comité nacional de diseño curricular de la DGUTyP. de la carrera de Administración.• Dirección en la elaboración del taller AST de la carrera de Administración y Gestión empresarial. de la carrera de ingeniería automotriz y del Doctorado en Ciencias de Materiales.• Participación en estudios de factibilidad para la apertura de nuevas carreras en la Universidad Politécnica del Valle de México..• Participación en diferentes cursos de actualización:Modelo académico por competencias y estrategias de evaluación</p>', 'img/investigadores/51-M. en C. E. SAMUEL MEDINA MORA.jpg', 1, 1);
INSERT INTO `investigadores` (`id_in`, `nombre`, `lic`, `maestria`, `doctorado`, `correo`, `samblanza`, `img`, `id_niv`, `id_div`) VALUES
(29, 'Dr. Enrique Nava Zavala', 'Licenciatura en Administración.', 'Maestría en Administración', 'Doctorado en Adminsitración', '', '<p>El Dr. Enrique Nava Zavala cuenta con estudios profesionales de Doctorado en administración y un segundo doctorado en Dirección de organizaciones, maestría en Administración y posgrado en finanzas. UVM. Licenciatura en Administración. UNAM.Su producción académica es de 15 artículos de investigación en revistas arbitradas e indexadas a nivel internacional. Ha dirigido numerosas tesis a nivel licenciatura, maestría y doctorado. Se ha desempeñado como Director de la División de Negocios en la Universidad del Valle de México, como auditor interno y director de Planeación Estratégica, así también como consultor y conferencista de negocios estratégicos, liderazgo en organizaciones empresariales a nivel nacional e internacional, es evaluador de universidades a nivel internacional por EQUAA - Education Quality Accreditation Agency, por AICE y CACECA en México y Latinoamérica. Es consejero de la Federación Nacional de Licenciados en Administración. CONLA, y miembro del consejo académico de la UVM.Actualmente se desempeña como Coordinador Regional de planes y programas de estudio de la Zona VII, de la ANFECA y es miembro de la International Project Management Association (IPMA®) con un Certificado internacional nivel C.</p>', 'img/investigadores/53-Dr. Enrique Nava Zavala.jpg', 1, 1),
(30, 'Dra. Nancy Elizabeth Pérez Castañeda', 'Contadora PúblicaEspecialista en Fiscal', 'Maestra en Alta Dirección', 'Doctora en Tecnología Educativa', '', '<p>Contadora Pública, con especialidad en Fiscal, Maestría en Alta Dirección y Doctorado en Tecnología Educativa.Cuenta experiencia en el sector industrial privado en los departamentos: de cuentas por cobrar y pagar nóminas contabilidad y contraloríaEnte laborado: Despachos Acosta Sosa y Cía. (auditorias para efectos del Seguro Social, fiscales y financieras) Queber world de México S.A. de C.V. (Responsable del área de nóminas) Grupo la Nacional S.A. de C.V. (Contadora de zona Occidente, aspectos contables y fiscales) Merik S.A. de C.V. (Gerente de cuentas por cobrar y cobrar)  Fruehauf de México, S.A. de C.V. ( Asistente de contraloría) Certificada por Microsoft y paquetería de ASPEL, plataformas virtuales.Certificado por conocer en los estándares:  ECO935 Gestión de trabajos por proyectos  EC0076 Evaluación de la competencia de candidatos  EC0107 Manejo de procesador de textos digitales NUGCHOO1-01 Impartición de cursos de capacitación Experiencia en Docencia: Universidades particulares: UVM, OPARIN, UNITEC, UPEM, etc. Universidades Públicas: Universidad del Bicentenario  Universidad Politécnica del Valle de México (diez años): licenciatura y Maestría, laborando en convenio con el CAI Center y Cuerpo Docente: académico de Gestión e innovación de las organizaciones*Artículos publicados:  Estrategias basadas en las TIC de los CEO (Academia Journals) Estrategias de vinculación de Universidades por medio de Networking (Academia Journals) Herramientas web para jóvenes emprendedores (Academia Journals) Para los alumnos de nivel superior un modelo de aprendizaje abierto, literal y alternativo (Academia Journals) Detección de competencias digitales del docente para el desarrollo de materias en línea de humanidades (Academia Journals) Modelo de aprendizaje abierto, literal y alternativo para alumnos de nivel superior en el área económico administrativo (ANFECA) Cultura Contributiva del Microlearning a través de Telegram (Docentes 2.0)*Vinculo y colaboradora de revista 2.0 (nivel Internacional)</p>', 'img/investigadores/55-Dra. Nancy Elizabeth Pérez Castañeda.jpg', 1, 1),
(31, 'Mtra. Alejandra Reza Villalpando', 'Licenciatura en Relaciones Internacionales', 'Maestría en Administración', '', '', '<p>Reseña(Académica)Maestría en AdministraciónLicenciatura en Relaciones InternacionalesEspecialidad en el idioma inglésTeacher´s CourseCertificate Program in English speaking, listening, reading and writing instruction and American culture.Certificate of Best of British Language Teaching Conference.EC0974- Uso de la lengua inglesa en un contexto laboral: Nivel avanzado (CONOCER)EC0076- Evaluación de la Competencia de candidatos con base en estándares de competencia (CONOCER)Curso de Capacitación para la Inclusión Educativa.Elaboración de Material Didáctico.Reseña (Laboral)aMiembro del Comité de Ética de la UPVM (2021 a la fecha)Integrante del Cuerpo Académico TECNODEM (En Consolidación) (2016 a la fecha).Línea de Investigación Administración, Mercadotecnia y EmprendimientoIntegrante de la Red Nacional de Investigación de Universidades Tecnológicas y Politécnicas (2020 a la fecha)20 Publicaciones en Revistas Arbitradas (2016-a la fecha).5 Publicaciones Indexadas de artículos en Revistas Indexadas (2016-a la fecha).</p>', 'img/investigadores/56-Mtra. Alejandra Reza Villalpando.jpg', 1, 1);

-- --------------------------------------------------------

--
-- Estructura de tabla para la tabla `maestria`
--

CREATE TABLE `maestria` (
  `id_ma` int(11) NOT NULL,
  `nombre` varchar(255) NOT NULL,
  `objetivo` text NOT NULL,
  `pingreso` text NOT NULL,
  `req` text NOT NULL,
  `pegreso` text NOT NULL,
  `campo` text NOT NULL,
  `competencias` text DEFAULT NULL,
  `img` text NOT NULL,
  `id_tipo` int(11) NOT NULL,
  `id_div` int(11) NOT NULL,
  `opT` text DEFAULT NULL
) ENGINE=InnoDB DEFAULT CHARSET=utf8 COLLATE=utf8_general_ci;

--
-- Volcado de datos para la tabla `maestria`
--

INSERT INTO `maestria` (`id_ma`, `nombre`, `objetivo`, `pingreso`, `req`, `pegreso`, `campo`, `competencias`, `img`, `id_tipo`, `id_div`, `opT`) VALUES
(1, 'Maestría en Administración con especialidad en Alta Dirección', '<p><span style=\"color: rgb(0, 0, 0);\">Formar profesionales por medio de su entrenamiento en las áreas de alta dirección, administración y negocios, con capacidad para tomar decisiones complejas y resolver situaciones imprevistas en donde asuma la dirección y el control de las acciones emprendidas; a través de la ejecución de capacidades analíticas y directivas en negocios con visión global, cuya competitividad esté basada en estándares de calidad mundial, en sistemas eficientes de producción, comercialización y distribución y en el desarrollo personal y profesional de sus empleados.</span></p>', '<p class=\"ql-align-justify\"><span style=\"color: rgb(0, 0, 0);\">La o el aspirante a estudiar el nivel de Maestría en Administración, deberá haber obtenido el título de Licenciatura en Administración o área afín, a la misma, tener su certificado de terminación de estudios, de alguna de las instituciones oficiales de estudios superiores, debidamente acreditada.</span></p><p class=\"ql-align-justify\"><br></p><p class=\"ql-align-justify\"><span style=\"color: rgb(0, 0, 0);\">Debiendo demostrar solidez en sus decisiones y juicios, capacidad de organización y liderazgo, capaz de razonar y emitir buenas soluciones bajo presión de prioridades.</span></p><p class=\"ql-align-justify\"><br></p><p class=\"ql-align-justify\"><span style=\"color: rgb(0, 0, 0);\">Es recomendable que cuente con experiencia profesional, preferentemente en el área administrativa contable; haber desempeñado una actividad relacionada con la Administración, ya que la experiencia previa es un factor importante para aprovechar al máximo las habilidades que irá desarrollando en su formación profesional, dado que le ayudarán a resolver de manera formal la toma de decisiones.</span></p>', '<p class=\"ql-align-justify\"><span style=\"color: rgb(0, 0, 0);\">Para ingresar a los estudios superiores a nivel especialidad se requiere:</span></p><ol><li data-list=\"bullet\" class=\"ql-align-justify\"><span class=\"ql-ui\" contenteditable=\"false\"></span><span style=\"color: rgb(0, 0, 0);\">Contar con título y cédula de licenciatura.</span></li><li data-list=\"bullet\" class=\"ql-align-justify\"><span class=\"ql-ui\" contenteditable=\"false\"></span><span style=\"color: rgb(0, 0, 0);\">Cubrir los requisitos señalados en la convocatoria y, en su caso, instructivos que al efecto emita la Universidad;</span></li><li data-list=\"bullet\" class=\"ql-align-justify\"><span class=\"ql-ui\" contenteditable=\"false\"></span><span style=\"color: rgb(0, 0, 0);\">Presentar la solicitud correspondiente;</span></li><li data-list=\"bullet\" class=\"ql-align-justify\"><span class=\"ql-ui\" contenteditable=\"false\"></span><span style=\"color: rgb(0, 0, 0);\">Ser aceptada (o) mediante la evaluación de selección que al efecto tenga establecida la Universidad, y</span></li><li data-list=\"bullet\" class=\"ql-align-justify\"><span class=\"ql-ui\" contenteditable=\"false\"></span><span style=\"color: rgb(0, 0, 0);\">Cubrir las cuotas establecidas por la Universidad.</span></li></ol>', '<p class=\"ql-align-justify\"><span style=\"color: rgb(0, 0, 0);\">La o el egresado de la Maestría en Administración será una persona capaz de desarrollar investigación en el campo de la Administración, de proponer soluciones innovadoras a problemas de producción control y administración de unidades fabriles, de aplicar conocimientos tecnológicos de punta y de transmitir conocimientos a través de la docencia.</span></p><p class=\"ql-align-justify\"><br></p><p class=\"ql-align-justify\"><span style=\"color: rgb(0, 0, 0);\">Podrá ocuparse de la solución de problemas administrativos, distribución de los productos que se fabriquen, innovando, diseñando, seleccionando, organizando y administrando los medios de producción, estableciendo las condiciones precisas de trabajo, diseñando métodos y mejores soluciones para aumentar la productividad de la empresa o negocio. Todo esto dentro de un contexto de restricciones materiales, financieras y humanas.</span></p><p class=\"ql-align-justify\"><br></p><p class=\"ql-align-justify\"><span style=\"color: rgb(0, 0, 0);\">Adicionalmente, será capaz de coordinar y dirigir grupos de trabajo, tendrá la capacidad gerencial para plantear y dirigir proyectos de inversión y podrá prestar sus servicios como asesor y consultor de alto nivel.</span></p>', '<p class=\"ql-align-justify\"><span style=\"color: rgb(0, 0, 0);\">La formación de un maestrante es un proceso en el cual intervienen un sinnúmero de variables sociales, culturales, psicológicas y económicas que contribuyen, con un conjunto de conocimientos específicos, a desarrollar competencias que aporte conocimientos y conviertan a la o el l estudiante original, útil y trascendente que permita articular y desarrollarse en los ámbitos de alta dirección y gestión estratégica empresarial, siempre con un perfil ético y beneficio social.</span></p><p class=\"ql-align-justify\"><br></p><p class=\"ql-align-justify\"><span style=\"color: rgb(0, 0, 0);\">Se&nbsp;propone formar maestrantes capaces de desempeñarse como directivos o consultores de alto nivel, participando en los procesos de toma de decisiones y de formulación e implantación de estrategias para la creación, organización, dirección y desarrollo de empresas, en dos tipos de competencias: competencias de conocimientos relacionados y requeridos para la toma de decisiones empresariales para ser una líder o un líder&nbsp;positivo, con principios éticos sobre buenas prácticas de negocios, de responsabilidad social y desarrollo sustentable, abierto a las nuevas tendencias del conocimiento y las competencias personales con una actitud de servicio, calidad y lealtad corporativa entendidas como habilidades, actitudes y valores necesarios.</span></p>', '<p class=\"ql-align-justify\"><span style=\"color: rgb(0, 0, 0);\">Las organizaciones empresariales en la actualidad están inmersas en un mercado de alta competencia, donde la unidad económica ha incursionado en el desarrollar&nbsp;&nbsp;prácticas administrativas acordes con los requerimientos de un mundo globalizado y competitivo.&nbsp;La gestión entendida como&nbsp;el proceso de planear, dirigir y evaluar acciones que llevan a las organizaciones a cumplir las premisas de su direccionamiento estratégico, requiere ser fortalecida por una serie de estudios que les permitan a las empresas por la vía de la transferencia del conocimiento mejorar sus indicadores de productividad.</span></p><p class=\"ql-align-justify\"><br></p><p class=\"ql-align-justify\"><span style=\"color: rgb(0, 0, 0);\">La organización empresarial presenta la identificación y la sensibilización sobre la importancia del estudio, que será la base para el desarrollo de las empresas de menor, mediano y gran tamaño según el sector que se pretenda estudiar basado en las actuales condiciones y necesidades del país.</span></p><p class=\"ql-align-justify\"><br></p><p class=\"ql-align-justify\"><span style=\"color: rgb(0, 0, 0);\">La gestión de estrategias empresariales; como el potencializar y/o crear nuevos productos o servicios, bajo la perspectiva de las formas de la administración moderna. La elaboración de estrategias empresariales que le dé respuesta a las necesidades este mercado cambiante, se apoyara en la identificación de la demanda y sus necesidades, en el cumplimiento del propósito del posgrado de investigar nuevas herramientas administrativas y su forma de aplicación con pertinencia en el sector real. </span></p><p class=\"ql-align-justify\"><br></p><p class=\"ql-align-justify\"><span style=\"color: rgb(0, 0, 0);\">Entre las que podemos nombrar:</span></p><ol><li data-list=\"bullet\" class=\"ql-align-justify\"><span class=\"ql-ui\" contenteditable=\"false\"></span><span style=\"color: rgb(0, 0, 0);\">Liderazgo Transformacional</span></li><li data-list=\"bullet\" class=\"ql-align-justify\"><span class=\"ql-ui\" contenteditable=\"false\"></span><span style=\"color: rgb(0, 0, 0);\">Habilidades de Negociación</span></li><li data-list=\"bullet\" class=\"ql-align-justify\"><span class=\"ql-ui\" contenteditable=\"false\"></span><span style=\"color: rgb(0, 0, 0);\">Comunicación Estratégica</span></li><li data-list=\"bullet\" class=\"ql-align-justify\"><span class=\"ql-ui\" contenteditable=\"false\"></span><span style=\"color: rgb(0, 0, 0);\">Interculturalidad</span></li><li data-list=\"bullet\" class=\"ql-align-justify\"><span class=\"ql-ui\" contenteditable=\"false\"></span><span style=\"color: rgb(0, 0, 0);\">Trabajo Colaborativo</span></li><li data-list=\"bullet\" class=\"ql-align-justify\"><span class=\"ql-ui\" contenteditable=\"false\"></span><span style=\"color: rgb(0, 0, 0);\">Dominio de Escenarios</span></li><li data-list=\"bullet\" class=\"ql-align-justify\"><span class=\"ql-ui\" contenteditable=\"false\"></span><span style=\"color: rgb(0, 0, 0);\">Planeación y Organización</span></li><li data-list=\"bullet\" class=\"ql-align-justify\"><span class=\"ql-ui\" contenteditable=\"false\"></span><span style=\"color: rgb(0, 0, 0);\">Responsabilidad Social</span></li><li data-list=\"bullet\" class=\"ql-align-justify\"><span class=\"ql-ui\" contenteditable=\"false\"></span><span style=\"color: rgb(0, 0, 0);\">Desarrollo Sustentable</span></li><li data-list=\"bullet\" class=\"ql-align-justify\"><span class=\"ql-ui\" contenteditable=\"false\"></span><span style=\"color: rgb(0, 0, 0);\">Mejora Continua</span></li></ol>', 'img/maestrias/UPVM_IMG_Info-MADM-ve.jpg', 1, 1, ''),
(2, 'Maestría en Formación de Formadores de Docentes en Ciencias Naturales y Enseñanza de las Ciencias', '<p><span style=\"color: rgb(0, 0, 0);\">Formar profesionales en el área de formación de docentes de educación de tipo básico con la capacidad de aproximar la investigación didáctico-pedagógica a la enseñanza y aprendizaje de las ciencias, hacia la reflexión y creatividad orientadas a renovar el ejercicio docente, generar la adquisición actualizada de un núcleo básico de conceptos fundamentales de las diferentes disciplinas científicas, desarrollar y aplicar estrategias didácticas basadas en enfoques constructivistas del aprendizaje y en competencias, aplicar las nuevas tecnologías en la labor docente y promover procesos de autogestión a través de la formación, actualización y superación permanente de los profesores, así como el intercambio de experiencias.</span></p>', '<p><span style=\"color: rgb(0, 0, 0);\">Contar con título de licenciatura y vocación para la docencia.</span></p>', '<p class=\"ql-align-justify\"><span style=\"color: rgb(0, 0, 0);\">Para ingresar a los estudios superiores a nivel especialidad se requiere:</span></p><ol><li data-list=\"bullet\" class=\"ql-align-justify\"><span class=\"ql-ui\" contenteditable=\"false\"></span><span style=\"color: rgb(0, 0, 0);\">Contar con título y cédula de licenciatura.</span></li><li data-list=\"bullet\" class=\"ql-align-justify\"><span class=\"ql-ui\" contenteditable=\"false\"></span><span style=\"color: rgb(0, 0, 0);\">Cubrir los requisitos señalados en la convocatoria y, en su caso, instructivos que al efecto emita la Universidad;</span></li><li data-list=\"bullet\" class=\"ql-align-justify\"><span class=\"ql-ui\" contenteditable=\"false\"></span><span style=\"color: rgb(0, 0, 0);\">Presentar la solicitud correspondiente;</span></li><li data-list=\"bullet\" class=\"ql-align-justify\"><span class=\"ql-ui\" contenteditable=\"false\"></span><span style=\"color: rgb(0, 0, 0);\">Ser aceptada (o) mediante la evaluación de selección que al efecto tenga establecida la Universidad, y</span></li><li data-list=\"bullet\" class=\"ql-align-justify\"><span class=\"ql-ui\" contenteditable=\"false\"></span><span style=\"color: rgb(0, 0, 0);\">Cubrir las cuotas establecidas por la Universidad.</span></li></ol>', '<p class=\"ql-align-justify\"><span style=\"color: rgb(0, 0, 0);\">La o el egresado de la MAESTRIA EN FORMACION DE FORMADORES DE DOCENTES EN CIENCIAS NATURALES Y ENSEÑANZA DE LAS CIENCIAS tiene una orientación profesional. Al término de la maestría será capaz de:</span></p><ol><li data-list=\"bullet\" class=\"ql-align-justify\"><span class=\"ql-ui\" contenteditable=\"false\"></span><span style=\"color: rgb(0, 0, 0);\">Diseñar e instrumentar programas de formación –actualización de Docentes de Educación Básica en Ciencias; orientados hacia la reflexión, creatividad e innovación del ejercicio docente y, a la adquisición actualizada de un núcleo básico de conceptos fundamentales de las diferentes disciplinas científicas.</span></li><li data-list=\"bullet\" class=\"ql-align-justify\"><span class=\"ql-ui\" contenteditable=\"false\"></span><span style=\"color: rgb(0, 0, 0);\">Elaborar y desarrollar Proyectos de aula, tecnológicos y ciudadanos.</span></li><li data-list=\"bullet\" class=\"ql-align-justify\"><span class=\"ql-ui\" contenteditable=\"false\"></span><span style=\"color: rgb(0, 0, 0);\">Diseñar e implementar Unidades en el área de las ciencias básicas (Ciencias Naturales o Física o Química o Biología) basadas en el enfoque constructivista del aprendizaje y sustentadas en el desarrollo de competencias científicas y en el uso de las TICs para promover aprendizajes significativos a través de la docencia.</span></li><li data-list=\"bullet\" class=\"ql-align-justify\"><span class=\"ql-ui\" contenteditable=\"false\"></span><span style=\"color: rgb(0, 0, 0);\">Adicionalmente, será capaz de trabajar en equipo para coordinar y dirigir grupos de trabajo colaborativo en el ámbito de la enseñanza de las ciencias y, promover procesos de autogestión, el intercambio de experiencias y la difusión de resultados.</span></li></ol>', '<ol><li data-list=\"bullet\" class=\"ql-align-justify\"><span class=\"ql-ui\" contenteditable=\"false\"></span><span style=\"color: rgb(0, 0, 0);\">Diseño de Unidades Didácticas en Ciencias Básicas</span></li><li data-list=\"bullet\" class=\"ql-align-justify\"><span class=\"ql-ui\" contenteditable=\"false\"></span><span style=\"color: rgb(0, 0, 0);\">Planeación y diseño de actividades de aprendizaje en Ciencias Básicas</span></li><li data-list=\"bullet\" class=\"ql-align-justify\"><span class=\"ql-ui\" contenteditable=\"false\"></span><span style=\"color: rgb(0, 0, 0);\">Diseño y aplicación de proyectos</span></li><li data-list=\"bullet\" class=\"ql-align-justify\"><span class=\"ql-ui\" contenteditable=\"false\"></span><span style=\"color: rgb(0, 0, 0);\">Diseño y desarrollo de programas de actualización y formación docente en ciencias naturales</span></li><li data-list=\"bullet\" class=\"ql-align-justify\"><span class=\"ql-ui\" contenteditable=\"false\"></span><span style=\"color: rgb(0, 0, 0);\">Desarrollo de actividades experimentales</span></li><li data-list=\"bullet\" class=\"ql-align-justify\"><span class=\"ql-ui\" contenteditable=\"false\"></span><span style=\"color: rgb(0, 0, 0);\">Seguimiento y retroalimentación de actividades escolares en el aula</span></li></ol>', '<ol><li data-list=\"bullet\" class=\"ql-align-justify\"><span class=\"ql-ui\" contenteditable=\"false\"></span><span style=\"color: rgb(0, 0, 0);\">Asumir una concepción critica de la docencia en ciencias naturales orientada por una visión de ciencia actual, así como de lo que implica el aprendizaje de la ciencia escolar.</span></li><li data-list=\"bullet\" class=\"ql-align-justify\"><span class=\"ql-ui\" contenteditable=\"false\"></span><span style=\"color: rgb(0, 0, 0);\">Propiciar la elaboración de proyectos de aula, ciudadano y científico de un tema en ciencias naturales del programa de estudios oficial que contribuya al aprendizaje significativo de los estudiantes del nivel básico y establecer las relaciones transversales y con su contexto inmediato.</span></li><li data-list=\"bullet\" class=\"ql-align-justify\"><span class=\"ql-ui\" contenteditable=\"false\"></span><span style=\"color: rgb(0, 0, 0);\">Promover el aprendizaje de procedimientos, habilidades y actitudes científicas y hacia las ciencias.</span></li><li data-list=\"bullet\" class=\"ql-align-justify\"><span class=\"ql-ui\" contenteditable=\"false\"></span><span style=\"color: rgb(0, 0, 0);\">Diseña metodologías e instrumentos para realizar diagnósticos de necesidades y áreas de oportunidad para el mejoramiento de la formación-actualización de los profesores de ciencias de educación básica, en ejercicio.</span></li><li data-list=\"bullet\" class=\"ql-align-justify\"><span class=\"ql-ui\" contenteditable=\"false\"></span><span style=\"color: rgb(0, 0, 0);\">Propiciar la elaboración de una propuesta de formación-actualización de docentes de educación básica, en ejercicio, en temas fundamentales de las ciencias naturales que contribuya al aprendizaje colaborativo y significativo de los estudiantes.</span></li><li data-list=\"bullet\" class=\"ql-align-justify\"><span class=\"ql-ui\" contenteditable=\"false\"></span><span style=\"color: rgb(0, 0, 0);\">Aplica las concepciones y metodologías por competencia en su trayecto formativo y en su propuesta de formación-actualización de profesores.</span></li><li data-list=\"bullet\" class=\"ql-align-justify\"><span class=\"ql-ui\" contenteditable=\"false\"></span><span style=\"color: rgb(0, 0, 0);\">Diseña, implementa y evalúa una unidad didáctica en el aula.</span></li><li data-list=\"bullet\" class=\"ql-align-justify\"><span class=\"ql-ui\" contenteditable=\"false\"></span><span style=\"color: rgb(0, 0, 0);\">Genera instrumentos de investigación – acción para la reflexión y análisis de la instrumentación didáctica y su posible reestructuración.</span></li><li data-list=\"bullet\" class=\"ql-align-justify\"><span class=\"ql-ui\" contenteditable=\"false\"></span><span style=\"color: rgb(0, 0, 0);\">Sistematiza los resultados.</span></li></ol>', 'img/maestrias/UPVM_IMG_Info-MFFD-ve.jpg', 1, 2, ''),
(3, 'Maestría en Ingeniería en Manufactura con Especialidad en Sistemas de Manufactura', '<p><span style=\"color: rgb(0, 0, 0);\">Formar profesionales en las áreas de manufactura, robótica e ingeniería de materiales, con la capacidad de tomar decisiones complejas y proponer soluciones a problemas tecnológicos donde asuma la dirección y el control de las acciones emprendidas, mediante la realización de proyectos conjuntos escuela industria, potencializando las&nbsp;capacidades analíticas y directivas en manufactura, con visión global cuya competitividad esté basada en estándares de manufactura de clase mundial, sistemas flexibles de manufactura, automatización industrial y nuevos materiales.</span></p>', '<p><span style=\"color: rgb(0, 0, 0);\">La o&nbsp;el&nbsp;interesado en realizar la Maestría en Ingeniería de Manufactura deberá contar con título de Ingeniería o Licenciatura afín a los programas de estudio de Ingeniería Industrial, Mecánica, o programas de estudio relacionados con la producción metalmecánica de productos, procesos de fundición, forja, moldeo, o industria del plástico.</span></p>', '<p class=\"ql-align-justify\"><span style=\"color: rgb(0, 0, 0);\">Para ingresar a los estudios superiores a nivel especialidad se requiere:</span></p><ol><li data-list=\"bullet\" class=\"ql-align-justify\"><span class=\"ql-ui\" contenteditable=\"false\"></span><span style=\"color: rgb(0, 0, 0);\">Contar con título y cédula de licenciatura.</span></li><li data-list=\"bullet\" class=\"ql-align-justify\"><span class=\"ql-ui\" contenteditable=\"false\"></span><span style=\"color: rgb(0, 0, 0);\">Cubrir los requisitos señalados en la convocatoria y, en su caso, instructivos que al efecto emita la Universidad;</span></li><li data-list=\"bullet\" class=\"ql-align-justify\"><span class=\"ql-ui\" contenteditable=\"false\"></span><span style=\"color: rgb(0, 0, 0);\">Presentar la solicitud correspondiente;</span></li><li data-list=\"bullet\" class=\"ql-align-justify\"><span class=\"ql-ui\" contenteditable=\"false\"></span><span style=\"color: rgb(0, 0, 0);\">Ser aceptada (o)&nbsp;mediante la evaluación de selección que al efecto tenga establecida la Universidad, y</span></li><li data-list=\"bullet\" class=\"ql-align-justify\"><span class=\"ql-ui\" contenteditable=\"false\"></span><span style=\"color: rgb(0, 0, 0);\">Cubrir las cuotas establecidas por la Universidad.</span></li></ol>', '<p class=\"ql-align-justify\"><span style=\"color: rgb(0, 0, 0);\">La o el&nbsp;egresado de la Maestría en Ingeniería de Manufactura tiene una orientación profesional, al término de la maestría será capaz de desarrollar investigación en el campo de la Ingeniería de Manufactura, de proponer soluciones innovadoras a problemas de producción control y administración de unidades fabriles, de aplicar conocimientos tecnológicos de punta y de transmitir conocimientos a través de la docencia.</span></p><p class=\"ql-align-justify\"><span style=\"color: rgb(0, 0, 0);\">La Maestría en Ingeniería de Manufactura, tiene una orientación profesional, la Maestra o el Maestro en Ingeniería de Manufactura, está capacitada (o) para ocuparse de la solución de los problemas de la fabricación de los productos, innovando, diseñando, seleccionando, organizando y administrando los medios de producción, estableciendo las condiciones precisas de trabajo, diseñando herramientas y dispositivos especiales para sujeción, ensamble y control de piezas y en general buscando mejores soluciones para aumentar la productividad de la fabricación. Todo esto dentro de un contexto de restricciones materiales, financieras y humanas.</span></p><p class=\"ql-align-justify\"><span style=\"color: rgb(0, 0, 0);\">Adicionalmente, será capaz de coordinar y dirigir grupos de trabajo, tendrá la capacidad gerencial para plantear y dirigir proyectos de inversión y podrá prestar sus servicios como asesor (a) y consultor (a) de alto nivel.</span></p>', '<ol><li data-list=\"bullet\" class=\"ql-align-justify\"><span class=\"ql-ui\" contenteditable=\"false\"></span><span style=\"color: rgb(0, 0, 0);\">Ingeniería de Manufactura.</span></li><li data-list=\"bullet\" class=\"ql-align-justify\"><span class=\"ql-ui\" contenteditable=\"false\"></span><span style=\"color: rgb(0, 0, 0);\">Diseño para Manufactura.</span></li><li data-list=\"bullet\" class=\"ql-align-justify\"><span class=\"ql-ui\" contenteditable=\"false\"></span><span style=\"color: rgb(0, 0, 0);\">Automatización de Procesos Industriales.</span></li><li data-list=\"bullet\" class=\"ql-align-justify\"><span class=\"ql-ui\" contenteditable=\"false\"></span><span style=\"color: rgb(0, 0, 0);\">Desarrollo de Nuevos Materiales.</span></li></ol>', '<ol><li data-list=\"bullet\" class=\"ql-align-justify\"><span class=\"ql-ui\" contenteditable=\"false\"></span><span style=\"color: rgb(0, 0, 0);\">Determinar las variables críticas del sistema de producción en base a los requerimientos establecidos para cada proceso.</span></li><li data-list=\"bullet\" class=\"ql-align-justify\"><span class=\"ql-ui\" contenteditable=\"false\"></span><span style=\"color: rgb(0, 0, 0);\">Diseñar los requerimientos definidos en los procesos de producción mundial y nacional para mejorar los procesos industriales mediante técnicas de optimización.</span></li><li data-list=\"bullet\" class=\"ql-align-justify\"><span class=\"ql-ui\" contenteditable=\"false\"></span><span style=\"color: rgb(0, 0, 0);\">Investigar la tecnología de vanguardia en la elaboración de productos para manufactura de productos industriales mediante búsquedas tecnológicas.</span></li><li data-list=\"bullet\" class=\"ql-align-justify\"><span class=\"ql-ui\" contenteditable=\"false\"></span><span style=\"color: rgb(0, 0, 0);\">Analizar la versatilidad de la tecnología mediante la compatibilidad de los equipos y procesos para incrementar la productividad.</span></li><li data-list=\"bullet\" class=\"ql-align-justify\"><span class=\"ql-ui\" contenteditable=\"false\"></span><span style=\"color: rgb(0, 0, 0);\">Investigar las características mecánicas del material requerido para la elaboración de un producto industrial mediante el uso de nuevas técnicas.</span></li><li data-list=\"bullet\" class=\"ql-align-justify\"><span class=\"ql-ui\" contenteditable=\"false\"></span><span style=\"color: rgb(0, 0, 0);\">Analizar las propiedades de los materiales más adecuados para el diseño y fabricación mediante el análisis de capacidad instalada.</span></li><li data-list=\"bullet\" class=\"ql-align-justify\"><span class=\"ql-ui\" contenteditable=\"false\"></span><span style=\"color: rgb(0, 0, 0);\">Determinar la funcionalidad del diseño, selección de material y herramentales para la manufactura y el ensamble mediante técnicas de análisis del producto.</span></li><li data-list=\"bullet\" class=\"ql-align-justify\"><span class=\"ql-ui\" contenteditable=\"false\"></span><span style=\"color: rgb(0, 0, 0);\">Comprobar las características operativas del nuevo producto para identificar los efectos de su manufactura con diferentes herramientas, mediante técnicas de diseño de experimentos.</span></li></ol>', 'img/maestrias/UPVM_IMG_Info-MIMA-ve.jpg', 1, 2, ''),
(4, 'Maestría en Ingeniería Mecatrónica con especialidad en innovación Tecnológica en Sistemas Mecatrónicos', '<p><span style=\"color: rgb(0, 0, 0);\">Formar recursos humanos altamente especializados en las disciplinas que conforman a la mecatrónica (mecánica, electrónica, ingeniería de control y sistemas computacionales), mediante las cuales puedan ofrecer las mejores soluciones a los problemas del sector productivo, pero además tengan la capacidad para realizar investigación básica y aplicada.</span></p>', '<p><span style=\"color: rgb(0, 0, 0);\">El Programa de la Maestría en Ingeniería Mecatrónica va dirigido a los ingenieros (as)&nbsp;con conocimientos en áreas afines a la mecatrónica: ingeniería mecánica, electrónica, eléctrica, control, automatización y robótica con deseos de actualizar, complementar su formación académica e incursionar en el desarrollo tecnológico e investigación aplicada para la creación de dispositivos mecatrónicos inteligentes de la industria y sociedad actual.</span></p><p><span style=\"color: rgb(0, 0, 0);\">&nbsp;</span></p><p><span style=\"color: rgb(0, 0, 0);\">Las y los&nbsp;aspirantes al programa de posgrado deben tener una base de conocimientos fundamentales de matemáticas, física, mecánica general, electrónica general y programación estructurada. Así como contar con aptitudes para realizar procesos de investigación, analizar, sintetizar e integrar conocimientos a la práctica, ya que la formación en la ingeniería mecatrónica requiere de amplios conocimientos de diferentes disciplinas.</span></p>', '<ol><li data-list=\"bullet\" class=\"ql-align-justify\"><span class=\"ql-ui\" contenteditable=\"false\"></span><span style=\"color: rgb(0, 0, 0);\">Título profesional de licenciatura en el área de Ingeniería y Ciencias Físico-Matemáticas preferentemente&nbsp;Ingeniería Mecatrónica o área afín.</span></li><li data-list=\"bullet\" class=\"ql-align-justify\"><span class=\"ql-ui\" contenteditable=\"false\"></span><span style=\"color: rgb(0, 0, 0);\">Cumplir con los requisitos de la convocatoria de ingreso vigente emitidos por la Universidad Politécnica del Valle de México.</span></li></ol>', '<p class=\"ql-align-justify\"><span style=\"color: rgb(0, 0, 0);\">Al término de sus estudios la maestra o el maestro en ingeniería mecatrónica tendrá la habilidad y capacidad de:</span></p><ol><li data-list=\"bullet\" class=\"ql-align-justify\"><span class=\"ql-ui\" contenteditable=\"false\"></span><span style=\"color: rgb(0, 0, 0);\">Diseñar, automatizar y controlar procesos industriales usando nuevas estrategias de control moderno.</span></li><li data-list=\"bullet\" class=\"ql-align-justify\"><span class=\"ql-ui\" contenteditable=\"false\"></span><span style=\"color: rgb(0, 0, 0);\">Generar conocimientos científico y tecnológico&nbsp;a través del planteamiento y desarrollo de trabajos de investigación experimental.</span></li><li data-list=\"bullet\" class=\"ql-align-justify\"><span class=\"ql-ui\" contenteditable=\"false\"></span><span style=\"color: rgb(0, 0, 0);\">Integrar, sincronizar y controlar los dispositivos que forman una celda de manufactura industrial.</span></li><li data-list=\"bullet\" class=\"ql-align-justify\"><span class=\"ql-ui\" contenteditable=\"false\"></span><span style=\"color: rgb(0, 0, 0);\">Detectar y analizar problemas de relevancia en procesos productivos, planteando nuevas alternativas de solución.</span></li><li data-list=\"bullet\" class=\"ql-align-justify\"><span class=\"ql-ui\" contenteditable=\"false\"></span><span style=\"color: rgb(0, 0, 0);\">Diseñar, innovar e implementar dispositivos físicos para la solución de problemas en la industria y sociedad actual.</span></li><li data-list=\"bullet\" class=\"ql-align-justify\"><span class=\"ql-ui\" contenteditable=\"false\"></span><span style=\"color: rgb(0, 0, 0);\">Desarrollar investigación aplicada al diseño de nuevos dispositivos mecatrónicos inteligentes.</span></li></ol>', '<p class=\"ql-align-justify\"><span style=\"color: rgb(0, 0, 0);\">Las y los egresados de la Maestría en Ingeniería Mecatrónica tendrán la capacidad de laborar en el sector industrial en las áreas de:</span></p><ol><li data-list=\"bullet\" class=\"ql-align-justify\"><span class=\"ql-ui\" contenteditable=\"false\"></span><span style=\"color: rgb(0, 0, 0);\">Automatización</span></li><li data-list=\"bullet\" class=\"ql-align-justify\"><span class=\"ql-ui\" contenteditable=\"false\"></span><span style=\"color: rgb(0, 0, 0);\">Mantenimiento industrial</span></li><li data-list=\"bullet\" class=\"ql-align-justify\"><span class=\"ql-ui\" contenteditable=\"false\"></span><span style=\"color: rgb(0, 0, 0);\">Diseño mecatrónico</span></li><li data-list=\"bullet\" class=\"ql-align-justify\"><span class=\"ql-ui\" contenteditable=\"false\"></span><span style=\"color: rgb(0, 0, 0);\">Manufactura</span></li></ol><p class=\"ql-align-justify\"><span style=\"color: rgb(0, 0, 0);\">Además en instituciones de nivel superior, de investigación y desarrollo tecnológico, se desempeñara como:</span></p><ol><li data-list=\"bullet\" class=\"ql-align-justify\"><span class=\"ql-ui\" contenteditable=\"false\"></span><span style=\"color: rgb(0, 0, 0);\">Docente y/o investigador (a) en las áreas de:</span></li><li data-list=\"bullet\" class=\"ql-align-justify\"><span class=\"ql-ui\" contenteditable=\"false\"></span><span style=\"color: rgb(0, 0, 0);\">Metalmecánica</span></li><li data-list=\"bullet\" class=\"ql-align-justify\"><span class=\"ql-ui\" contenteditable=\"false\"></span><span style=\"color: rgb(0, 0, 0);\">Automatización</span></li><li data-list=\"bullet\" class=\"ql-align-justify\"><span class=\"ql-ui\" contenteditable=\"false\"></span><span style=\"color: rgb(0, 0, 0);\">Biomecánica</span></li><li data-list=\"bullet\" class=\"ql-align-justify\"><span class=\"ql-ui\" contenteditable=\"false\"></span><span style=\"color: rgb(0, 0, 0);\">Diseño de maquinaria</span></li><li data-list=\"bullet\" class=\"ql-align-justify\"><span class=\"ql-ui\" contenteditable=\"false\"></span><span style=\"color: rgb(0, 0, 0);\">Control</span></li><li data-list=\"bullet\" class=\"ql-align-justify\"><span class=\"ql-ui\" contenteditable=\"false\"></span><span style=\"color: rgb(0, 0, 0);\">Director o coordinador de equipos multidisciplinarios</span></li></ol>', '<ol><li data-list=\"bullet\" class=\"ql-align-justify\"><span class=\"ql-ui\" contenteditable=\"false\"></span><span style=\"color: rgb(0, 0, 0);\">Investigación y experimentación en sistemas mecatrónicos</span></li><li data-list=\"bullet\" class=\"ql-align-justify\"><span class=\"ql-ui\" contenteditable=\"false\"></span><span style=\"color: rgb(0, 0, 0);\">Implementación de dispositivos programables para la automatización de sistemas o procesos industriales</span></li><li data-list=\"bullet\" class=\"ql-align-justify\"><span class=\"ql-ui\" contenteditable=\"false\"></span><span style=\"color: rgb(0, 0, 0);\">Diseño e implementación de sistemas de control clásico y moderno para sistemas lineales y no lineales</span></li><li data-list=\"bullet\" class=\"ql-align-justify\"><span class=\"ql-ui\" contenteditable=\"false\"></span><span style=\"color: rgb(0, 0, 0);\">Análisis, diseño y construcción de robots manipuladores.</span></li><li data-list=\"bullet\" class=\"ql-align-justify\"><span class=\"ql-ui\" contenteditable=\"false\"></span><span style=\"color: rgb(0, 0, 0);\">Diseño de sistemas mecatrónicos mediante el uso de herramientas de ingeniería asistida por computadora.</span></li><li data-list=\"bullet\" class=\"ql-align-justify\"><span class=\"ql-ui\" contenteditable=\"false\"></span><span style=\"color: rgb(0, 0, 0);\">Análisis de Sistemas Flexibles de Manufactura.</span></li></ol>', 'img/maestrias/UPVM_IMG_Info-MIME-ve.jpg', 1, 3, ''),
(5, 'Maestría en Ciencias en Micro y Nanotecnologías', '<p><span style=\"color: rgb(0, 0, 0);\">El objetivo principal de la Maestría en Ciencias en Micro y Nanotecnología es formar profesionales con una sólida preparación interdisciplinaria que les permita incrementar de manera sostenible las capacidades tecnológicas y de innovación de los sectores productivos del país.</span></p>', '<p class=\"ql-align-justify\"><span style=\"color: rgb(0, 0, 0);\">Liderar actividades de investigación, desarrollo tecnológico e innovación de micro y nanosistemas cumpliendo normatividad relacionada al medio ambiente.</span></p><p class=\"ql-align-justify\"><span style=\"color: rgb(0, 0, 0);\">Realizar el diseño, síntesis y formulación de micro y nanosistemas.</span></p><p class=\"ql-align-justify\"><span style=\"color: rgb(0, 0, 0);\">Realizar estudios control de calidad en micro y nanosistemas.</span></p>', '<p class=\"ql-align-justify\"><span style=\"color: rgb(0, 0, 0);\">El aspirante a la Maestría en Micro y nanotecnologías deberá cumplir los siguientes requisitos:</span></p><ol><li data-list=\"bullet\"><span class=\"ql-ui\" contenteditable=\"false\"></span><span style=\"color: rgb(0, 0, 0);\">I. Examen de CENEVAL, el examen deberá ser aprobado.</span></li><li data-list=\"bullet\"><span class=\"ql-ui\" contenteditable=\"false\"></span><span style=\"color: rgb(0, 0, 0);\">II. Licenciatura con un promedio mínimo de Ocho.</span></li><li data-list=\"bullet\"><span class=\"ql-ui\" contenteditable=\"false\"></span><span style=\"color: rgb(0, 0, 0);\">III. Conocimiento del Idioma Ingles mínimo, lectura, compresión y escritura media, lo que equivale a un nivel B-2 según el marco común europeo. Se debe demostrar mediante examen o por certificación.</span></li><li data-list=\"bullet\"><span class=\"ql-ui\" contenteditable=\"false\"></span><span style=\"color: rgb(0, 0, 0);\">IV. Presentar un ante proyecto de trabajo de tesis con enfoque Microtecnológico o Nanotecnológico, el cual será revisado y evaluado por el Comité de Ingreso al posgrado. El proyecto debe ser aceptado por el Comité de Ingreso. El cual deberá entregar una carta al postulante indicando el resultado de la evaluación, así como los posibles directores de la tesis.</span></li><li data-list=\"bullet\"><span class=\"ql-ui\" contenteditable=\"false\"></span><span style=\"color: rgb(0, 0, 0);\">V. Entrevista con miembros del Comité de Ingreso al posgrado, como resultado de dicha entrevista se realizará una carta de aceptación o rechazo del postulante.</span></li><li data-list=\"bullet\"><span class=\"ql-ui\" contenteditable=\"false\"></span><span style=\"color: rgb(0, 0, 0);\">VI. El postulante deberá presentar una carta de motivos.</span></li><li data-list=\"bullet\"><span class=\"ql-ui\" contenteditable=\"false\"></span><span style=\"color: rgb(0, 0, 0);\">VII. El postulante deberá presentar dos cartas de recomendación de profesores involucrados en su formación profesional.</span></li><li data-list=\"bullet\"><span class=\"ql-ui\" contenteditable=\"false\"></span><span style=\"color: rgb(0, 0, 0);\">VIII. Cubrir los requisitos señalados en la convocatoria y, en su caso, instructivos que al efecto emita la Universidad.</span></li></ol>', '<p class=\"ql-align-justify\"><span style=\"color: rgb(0, 0, 0);\">El egresado de este Programa Educativo será capaz de:</span></p><ol><li data-list=\"bullet\" class=\"ql-align-justify\"><span class=\"ql-ui\" contenteditable=\"false\"></span><span style=\"color: rgb(0, 0, 0);\">Diseñar y fabricar nuevos materiales micro y/o nanoestructurados para resolver problemas en los diferentes sectores productivos.</span></li><li data-list=\"bullet\" class=\"ql-align-justify\"><span class=\"ql-ui\" contenteditable=\"false\"></span><span style=\"color: rgb(0, 0, 0);\">Crear nuevas metodologías y procedimientos de operación y manejo de equipos para solucionar problemas prácticos.</span></li><li data-list=\"bullet\" class=\"ql-align-justify\"><span class=\"ql-ui\" contenteditable=\"false\"></span><span style=\"color: rgb(0, 0, 0);\">Participar en investigación y docencia en educación superior y posgrado.</span></li><li data-list=\"bullet\" class=\"ql-align-justify\"><span class=\"ql-ui\" contenteditable=\"false\"></span><span style=\"color: rgb(0, 0, 0);\">Participar en procesos de innovación tecnológica que promuevan la investigación y el desarrollo tecnológico del país.</span></li><li data-list=\"bullet\" class=\"ql-align-justify\"><span class=\"ql-ui\" contenteditable=\"false\"></span><span style=\"color: rgb(0, 0, 0);\">Coordinar y dirigir grupos de trabajo, tendrá la capacidad gerencial para plantear y dirigir proyectos de inversión y podrá prestar sus servicios como asesor y consultor de alto nivel.</span></li></ol>', '<p class=\"ql-align-justify\"><br></p>', '<ol><li data-list=\"bullet\"><span class=\"ql-ui\" contenteditable=\"false\"></span><span style=\"color: rgb(0, 0, 0);\">Área de investigación, desarrollo tecnológico e innovación.</span></li><li data-list=\"bullet\"><span class=\"ql-ui\" contenteditable=\"false\"></span><span style=\"color: rgb(0, 0, 0);\">Área de gestión de proyectos de investigación, desarrollo tecnológico e innovación.</span></li><li data-list=\"bullet\"><span class=\"ql-ui\" contenteditable=\"false\"></span><span style=\"color: rgb(0, 0, 0);\">Área de capacitación y/o docencia.</span></li></ol>', 'img/maestrias/UPVM_IMG_Info-MCMN-ve.jpg', 1, 4, '<p class=\"ql-align-justify\"><span style=\"color: rgb(0, 0, 0);\">Para obtener el grado de maestría el alumno deberá:</span></p><ol><li data-list=\"bullet\" class=\"ql-align-justify\"><span class=\"ql-ui\" contenteditable=\"false\"></span><span style=\"color: rgb(0, 0, 0);\">Completar todos los créditos establecidos de la maestría.</span></li><li data-list=\"bullet\" class=\"ql-align-justify\"><span class=\"ql-ui\" contenteditable=\"false\"></span><span style=\"color: rgb(0, 0, 0);\">Tener acreditada todas las materias con calificación mínima de 8.0.</span></li><li data-list=\"bullet\" class=\"ql-align-justify\"><span class=\"ql-ui\" contenteditable=\"false\"></span><span style=\"color: rgb(0, 0, 0);\">Elaborar tesis.</span></li><li data-list=\"bullet\" class=\"ql-align-justify\"><span class=\"ql-ui\" contenteditable=\"false\"></span><span style=\"color: rgb(0, 0, 0);\">Aprobar el examen de grado.</span></li></ol>'),
(6, 'Maestría en Tecnologías de la Información y Comunicaciones con Especialidad en Desarrollo de Sistemas de Computación y Comunicación', '<p><span style=\"color: rgb(0, 0, 0);\">Proporcionar a la o el&nbsp;alumno una formación metodológica y conocimientos técnicos especializados en el área del desarrollo de aplicaciones web para la solución de problemas complejos y para el ejercicio de la docencia e investigación.</span></p>', '<p><span style=\"color: rgb(0, 0, 0);\">La o el aspirante que desee ingresar al programa académico de la Maestría en Tecnologías de Información y Comunicaciones debe dominar conceptos básicos de Matemáticas Superiores, Programación, y Redes de computadoras; tener aptitudes para la investigación del cómo y por qué de los fenómenos y procesos del área; ser capaz de proponer soluciones a problemas de la profesión mediante análisis y síntesis; trabajar en equipo, poseer un pensamiento analítico, lógico y abstracto; tener vocación para el desarrollo de sistemas de cómputo; interés en las nuevas tecnologías de información y comunicación; disposición hacia la investigación, la actualización, la innovación y&nbsp;capacidad de liderazgo.</span></p>', '<p class=\"ql-align-justify\"><span style=\"color: rgb(0, 0, 0);\">Para ingresar a los estudios superiores a nivel especialidad se requiere:</span></p><p class=\"ql-align-justify\"><span style=\"color: rgb(0, 0, 0);\">Contar con título y cédula de licenciatura.</span></p><p class=\"ql-align-justify\"><span style=\"color: rgb(0, 0, 0);\">Cubrir los requisitos señalados en la convocatoria y, en su caso, instructivos que al efecto emita la Universidad;</span></p><p class=\"ql-align-justify\"><span style=\"color: rgb(0, 0, 0);\">Presentar la solicitud correspondiente;</span></p><p class=\"ql-align-justify\"><span style=\"color: rgb(0, 0, 0);\">Ser aceptada (o)&nbsp;mediante la evaluación de selección que al efecto tenga establecida la Universidad, y</span></p><p class=\"ql-align-justify\"><span style=\"color: rgb(0, 0, 0);\">Cubrir las cuotas establecidas por la Universidad.</span></p>', '<p><span style=\"color: rgb(0, 0, 0);\">La o el egresado del posgrado Maestría en Tecnologías de la Información y Comunicaciones es capaz de analizar, especificar, diseñar, implementar, probar, operar y mantener sistemas o aplicaciones informáticas Web; así como de adoptar rápidamente los cambios tecnológicos que se suscitan continuamente en la Informática, y en sus disciplinas afines, insertando nuevas tecnologías en su contexto organizacional y laboral.</span></p><p><span style=\"color: rgb(0, 0, 0);\">Tiene la habilidad de planificar, organizar, dirigir y controlar el desarrollo y mantenimiento de aplicaciones Web en las áreas tanto públicas como privadas. Asimismo puede prestar soporte técnico y de consultoría como profesional independiente.</span></p>', '<ol><li data-list=\"bullet\" class=\"ql-align-justify\"><span class=\"ql-ui\" contenteditable=\"false\"></span><span style=\"color: rgb(0, 0, 0);\">Área de desarrollo de software para Internet</span></li><li data-list=\"bullet\" class=\"ql-align-justify\"><span class=\"ql-ui\" contenteditable=\"false\"></span><span style=\"color: rgb(0, 0, 0);\">Departamento de matemáticas y métodos formales</span></li><li data-list=\"bullet\" class=\"ql-align-justify\"><span class=\"ql-ui\" contenteditable=\"false\"></span><span style=\"color: rgb(0, 0, 0);\">Área de redes de computadoras o comunicaciones</span></li><li data-list=\"bullet\" class=\"ql-align-justify\"><span class=\"ql-ui\" contenteditable=\"false\"></span><span style=\"color: rgb(0, 0, 0);\">Área de desarrollo de componentes de software y sistemas cliente/servidor</span></li><li data-list=\"bullet\" class=\"ql-align-justify\"><span class=\"ql-ui\" contenteditable=\"false\"></span><span style=\"color: rgb(0, 0, 0);\">Área de investigación</span></li></ol>', '<ol><li data-list=\"bullet\" class=\"ql-align-justify\"><span class=\"ql-ui\" contenteditable=\"false\"></span><span style=\"color: rgb(0, 0, 0);\">Implementar método de inducción Matemática mediante el esquema del razonamiento.</span></li><li data-list=\"bullet\" class=\"ql-align-justify\"><span class=\"ql-ui\" contenteditable=\"false\"></span><span style=\"color: rgb(0, 0, 0);\">Desarrollar modelos de estado mediante un modelo tautológico.</span></li><li data-list=\"bullet\" class=\"ql-align-justify\"><span class=\"ql-ui\" contenteditable=\"false\"></span><span style=\"color: rgb(0, 0, 0);\">Desarrollar grafos en para el algoritmo del camino más caminos y circuitos. Grafos ponderados.</span></li><li data-list=\"bullet\" class=\"ql-align-justify\"><span class=\"ql-ui\" contenteditable=\"false\"></span><span style=\"color: rgb(0, 0, 0);\">Comprobar proposiciones lógicas</span></li><li data-list=\"bullet\" class=\"ql-align-justify\"><span class=\"ql-ui\" contenteditable=\"false\"></span><span style=\"color: rgb(0, 0, 0);\">Desarrollar modelo relacional operadoras de cálculo relacional.</span></li><li data-list=\"bullet\" class=\"ql-align-justify\"><span class=\"ql-ui\" contenteditable=\"false\"></span><span style=\"color: rgb(0, 0, 0);\">Modelar y analizar señales y sistemas para comunicación de datos.</span></li><li data-list=\"bullet\" class=\"ql-align-justify\"><span class=\"ql-ui\" contenteditable=\"false\"></span><span style=\"color: rgb(0, 0, 0);\">Desarrollar soluciones de software en Java.</span></li><li data-list=\"bullet\" class=\"ql-align-justify\"><span class=\"ql-ui\" contenteditable=\"false\"></span><span style=\"color: rgb(0, 0, 0);\">Configurar comunicaciones conmutadas utilizando tecnologías de conmutación&nbsp;entre redes.</span></li><li data-list=\"bullet\" class=\"ql-align-justify\"><span class=\"ql-ui\" contenteditable=\"false\"></span><span style=\"color: rgb(0, 0, 0);\">Administrar un esquema de direccionamiento y de servicios en redes conmutadas usando VLSM Y CIDR para satisfacer los requerimientos de una LAN/WAN.</span></li><li data-list=\"bullet\" class=\"ql-align-justify\"><span class=\"ql-ui\" contenteditable=\"false\"></span><span style=\"color: rgb(0, 0, 0);\">Solucionar problemas asociados a la congestión y asignación de recursos verificando el estado operacional de la red de datos.</span></li><li data-list=\"bullet\" class=\"ql-align-justify\"><span class=\"ql-ui\" contenteditable=\"false\"></span><span style=\"color: rgb(0, 0, 0);\">Diseña autómatas.</span></li><li data-list=\"bullet\" class=\"ql-align-justify\"><span class=\"ql-ui\" contenteditable=\"false\"></span><span style=\"color: rgb(0, 0, 0);\">Generar modelos de transferencia de datos y/o información para la solución de problemas.</span></li><li data-list=\"bullet\" class=\"ql-align-justify\"><span class=\"ql-ui\" contenteditable=\"false\"></span><span style=\"color: rgb(0, 0, 0);\">Aplicar técnicas formales para determinar la probabilidad de eventos.</span></li><li data-list=\"bullet\" class=\"ql-align-justify\"><span class=\"ql-ui\" contenteditable=\"false\"></span><span style=\"color: rgb(0, 0, 0);\">Diseñar sistemas con metodología orientada a objetos.</span></li><li data-list=\"bullet\" class=\"ql-align-justify\"><span class=\"ql-ui\" contenteditable=\"false\"></span><span style=\"color: rgb(0, 0, 0);\">Desarrollar software para web.</span></li><li data-list=\"bullet\" class=\"ql-align-justify\"><span class=\"ql-ui\" contenteditable=\"false\"></span><span style=\"color: rgb(0, 0, 0);\">Configurar los diferentes tipos de comunicaciones de datos en redes de área local (LANs).</span></li><li data-list=\"bullet\" class=\"ql-align-justify\"><span class=\"ql-ui\" contenteditable=\"false\"></span><span style=\"color: rgb(0, 0, 0);\">Diseñar sistemas con arquitectura cliente-servidor.</span></li><li data-list=\"bullet\" class=\"ql-align-justify\"><span class=\"ql-ui\" contenteditable=\"false\"></span><span style=\"color: rgb(0, 0, 0);\">Diseñar sistemas para comercio electrónico.</span></li><li data-list=\"bullet\" class=\"ql-align-justify\"><span class=\"ql-ui\" contenteditable=\"false\"></span><span style=\"color: rgb(0, 0, 0);\">Administrar la seguridad de redes de computadoras</span></li></ol>', 'img/maestrias/UPVM_IMG_Info-MTIC-ve.jpg', 1, 5, '');
INSERT INTO `maestria` (`id_ma`, `nombre`, `objetivo`, `pingreso`, `req`, `pegreso`, `campo`, `competencias`, `img`, `id_tipo`, `id_div`, `opT`) VALUES
(7, 'Doctorado en Ciencia de Materiales', '<p class=\"ql-align-justify\"><span style=\"color: rgb(0, 0, 0);\">Formar investigadores e investigadoras en el área de Ciencia de Materiales, cuyas competencias adquiridas les permitirá identificar, proponer y realizar investigación de frontera y ciencia básica, así como gestionar recursos, comunicar los resultados, contribuir a incrementar el bienestar de la sociedad de manera sostenible.</span></p>', '<p><span style=\"color: rgb(0, 0, 0);\">Realizar investigación de frontera y ciencia básica, en el área de Ciencia de Materiales, que contribuya al avance del conocimiento universal y/o desarrollo tecnológico de innovación para la transformación de la sociedad.</span></p>', '<p><span style=\"color: rgb(0, 0, 0);\">El aspirante al Doctorado en Ciencia de Materiales debe cumplir los siguientes requisitos:</span></p>', '<p class=\"ql-align-justify\"><span style=\"color: rgb(0, 0, 0);\">El egresado de este Programa Educativo será capaz de:</span></p><ol><li data-list=\"bullet\" class=\"ql-align-justify\"><span class=\"ql-ui\" contenteditable=\"false\"></span><span style=\"color: rgb(0, 0, 0);\">Poseer una alta capacidad de realizar investigación original en el área de ciencia de materiales.</span></li><li data-list=\"bullet\" class=\"ql-align-justify\"><span class=\"ql-ui\" contenteditable=\"false\"></span><span style=\"color: rgb(0, 0, 0);\">Identificar y proponer nuevas líneas de investigación, así como reforzar las ya existentes.</span></li><li data-list=\"bullet\" class=\"ql-align-justify\"><span class=\"ql-ui\" contenteditable=\"false\"></span><span style=\"color: rgb(0, 0, 0);\">Comunicar de forma oral y escrita, los resultados de sus investigaciones a sus pares académicos y la sociedad en general.</span></li><li data-list=\"bullet\" class=\"ql-align-justify\"><span class=\"ql-ui\" contenteditable=\"false\"></span><span style=\"color: rgb(0, 0, 0);\">Contribuir al desarrollo de recursos humanos de calidad.</span></li><li data-list=\"bullet\" class=\"ql-align-justify\"><span class=\"ql-ui\" contenteditable=\"false\"></span><span style=\"color: rgb(0, 0, 0);\">Habilidad para gestionar recursos para la elaboración de proyecto.</span></li></ol>', '<p> </p>', '<ol><li data-list=\"bullet\" class=\"ql-align-justify\"><span class=\"ql-ui\" contenteditable=\"false\"></span><span style=\"color: rgb(0, 0, 0);\">Desarrollador de nuevos productos.</span></li><li data-list=\"bullet\" class=\"ql-align-justify\"><span class=\"ql-ui\" contenteditable=\"false\"></span><span style=\"color: rgb(0, 0, 0);\">Director de área o de operaciones.</span></li><li data-list=\"bullet\" class=\"ql-align-justify\"><span class=\"ql-ui\" contenteditable=\"false\"></span><span style=\"color: rgb(0, 0, 0);\">Gerente de aseguramiento de calidad.</span></li><li data-list=\"bullet\" class=\"ql-align-justify\"><span class=\"ql-ui\" contenteditable=\"false\"></span><span style=\"color: rgb(0, 0, 0);\">Gerente de investigación y desarrollo.</span></li><li data-list=\"bullet\" class=\"ql-align-justify\"><span class=\"ql-ui\" contenteditable=\"false\"></span><span style=\"color: rgb(0, 0, 0);\">Jefe de departamento o jefe de laboratorio.</span></li><li data-list=\"bullet\" class=\"ql-align-justify\"><span class=\"ql-ui\" contenteditable=\"false\"></span><span style=\"color: rgb(0, 0, 0);\">Líder de proyecto.</span></li><li data-list=\"bullet\" class=\"ql-align-justify\"><span class=\"ql-ui\" contenteditable=\"false\"></span><span style=\"color: rgb(0, 0, 0);\">Profesor investigador.</span></li></ol>', 'img/maestrias/UPVM_IMG_Info-DCMA-ve.jpg', 2, 3, '<p class=\"ql-align-justify\"><span style=\"color: rgb(0, 0, 0);\">Para obtener el grado de doctorado el alumno deberá:</span></p><ol><li data-list=\"bullet\" class=\"ql-align-justify\"><span class=\"ql-ui\" contenteditable=\"false\"></span><span style=\"color: rgb(0, 0, 0);\">Haber cubierto la totalidad de los créditos que formen parte del plan de estudios respectivo.</span></li><li data-list=\"bullet\" class=\"ql-align-justify\"><span class=\"ql-ui\" contenteditable=\"false\"></span><span style=\"color: rgb(0, 0, 0);\">Presentar constancia expedida por una institución reconocida, que avale de manera oficial, el dominio de un idioma extranjero a nivel C1 de acuerdo con el MCER.</span></li><li data-list=\"bullet\" class=\"ql-align-justify\"><span class=\"ql-ui\" contenteditable=\"false\"></span><span style=\"color: rgb(0, 0, 0);\">Presentar los ejemplares de tesis, de acuerdo con los lineamientos de la División, al director de tesis y al Comité Tutoral.</span></li><li data-list=\"bullet\" class=\"ql-align-justify\"><span class=\"ql-ui\" contenteditable=\"false\"></span><span style=\"color: rgb(0, 0, 0);\">Presentar oficio de aceptación de un artículo científico, como autor principal, para su publicación en alguna revista indexada.</span></li><li data-list=\"bullet\" class=\"ql-align-justify\"><span class=\"ql-ui\" contenteditable=\"false\"></span><span style=\"color: rgb(0, 0, 0);\">Aprobar el examen de grado.</span></li></ol>');

-- --------------------------------------------------------

--
-- Estructura de tabla para la tabla `nivel`
--

CREATE TABLE `nivel` (
  `id_niv` int(11) NOT NULL,
  `nombre` varchar(255) NOT NULL
) ENGINE=InnoDB DEFAULT CHARSET=utf8 COLLATE=utf8_general_ci;

--
-- Volcado de datos para la tabla `nivel`
--

INSERT INTO `nivel` (`id_niv`, `nombre`) VALUES
(1, 'PTC');

-- --------------------------------------------------------

--
-- Estructura de tabla para la tabla `rol`
--

CREATE TABLE `rol` (
  `id_rol` int(11) NOT NULL,
  `nombre` varchar(255) NOT NULL
) ENGINE=InnoDB DEFAULT CHARSET=utf8 COLLATE=utf8_general_ci;

--
-- Volcado de datos para la tabla `rol`
--

INSERT INTO `rol` (`id_rol`, `nombre`) VALUES
(1, 'Admininstrador');

-- --------------------------------------------------------

--
-- Estructura de tabla para la tabla `slider`
--

CREATE TABLE `slider` (
  `id_sli` int(11) NOT NULL,
  `img` text DEFAULT NULL,
  `redir` text NOT NULL
) ENGINE=InnoDB DEFAULT CHARSET=utf8 COLLATE=utf8_general_ci;

--
-- Volcado de datos para la tabla `slider`
--

INSERT INTO `slider` (`id_sli`, `img`, `redir`) VALUES
(1, 'img/slider/slider-bolsatrabajo.jpeg', 'https://upvm.edomex.gob.mx/acerca-de/vinculacion/bolsa-trabajo'),
(2, 'img/slider/slider-cursosingles.png', 'https://upvm.edomex.gob.mx/tramites-servicios/educacion-continua'),
(3, 'img/slider/slider-nuevoingreso-2022-3-Doc.jpg', 'ofedu.php#maestria7');

-- --------------------------------------------------------

--
-- Estructura de tabla para la tabla `st`
--

CREATE TABLE `st` (
  `id_st` int(11) NOT NULL,
  `st` varchar(255) NOT NULL
) ENGINE=InnoDB DEFAULT CHARSET=utf8 COLLATE=utf8_general_ci;

--
-- Volcado de datos para la tabla `st`
--

INSERT INTO `st` (`id_st`, `st`) VALUES
(1, 'Habilitado'),
(2, 'Deshabilitado');

-- --------------------------------------------------------

--
-- Estructura de tabla para la tabla `tipo`
--

CREATE TABLE `tipo` (
  `id_tipo` int(11) NOT NULL,
  `nombre` varchar(255) NOT NULL
) ENGINE=InnoDB DEFAULT CHARSET=utf8 COLLATE=utf8_general_ci;

--
-- Volcado de datos para la tabla `tipo`
--

INSERT INTO `tipo` (`id_tipo`, `nombre`) VALUES
(1, 'Maestría'),
(2, 'Doctorado');

-- --------------------------------------------------------

--
-- Estructura de tabla para la tabla `usuarios`
--

CREATE TABLE `usuarios` (
  `id_usu` int(11) NOT NULL,
  `usuario` varchar(255) NOT NULL,
  `correo` varchar(255) NOT NULL,
  `pass` varchar(255) NOT NULL,
  `id_rol` int(11) NOT NULL
) ENGINE=InnoDB DEFAULT CHARSET=utf8 COLLATE=utf8_general_ci;

--
-- Volcado de datos para la tabla `usuarios`
--

INSERT INTO `usuarios` (`id_usu`, `usuario`, `correo`, `pass`, `id_rol`) VALUES
(1, 'admin', 'posgrados@gmail.com', '21232f297a57a5a743894a0e4a801fc3', 1);

-- --------------------------------------------------------

--
-- Estructura de tabla para la tabla `wrapper`
--

CREATE TABLE `wrapper` (
  `id_wra` int(11) NOT NULL,
  `img` text DEFAULT NULL,
  `redir` text NOT NULL,
  `titulo` text NOT NULL,
  `descripcion` text NOT NULL
) ENGINE=InnoDB DEFAULT CHARSET=utf8 COLLATE=utf8_general_ci;

--
-- Volcado de datos para la tabla `wrapper`
--

INSERT INTO `wrapper` (`id_wra`, `img`, `redir`, `titulo`, `descripcion`) VALUES
(1, 'img/wrapper/upvmlogo.gif', 'https://upvm.edomex.gob.mx/', 'Página oficial', '<p>Conoce más sobre la universidad</p>'),
(2, 'img/wrapper/banner.jpg', 'http://www.upvm.edu.mx/siippea/(S(4g1brk55tyfnpsz14qgpeu45))/scenet_login.aspx', 'SIIPPEA', '<p>Accede a SIIPPEA</p>'),
(3, 'img/pre.png', 'https://upvmposgradosblog.blogspot.com/', 'Noticias', '<p>Sitio de noticias</p>');

--
-- Índices para tablas volcadas
--

--
-- Indices de la tabla `directores`
--
ALTER TABLE `directores`
  ADD PRIMARY KEY (`id_direc`),
  ADD KEY `fk_div` (`id_div`);

--
-- Indices de la tabla `division`
--
ALTER TABLE `division`
  ADD PRIMARY KEY (`id_div`);

--
-- Indices de la tabla `investigadores`
--
ALTER TABLE `investigadores`
  ADD PRIMARY KEY (`id_in`),
  ADD KEY `fk_niv` (`id_niv`),
  ADD KEY `fk_div_in` (`id_div`);

--
-- Indices de la tabla `maestria`
--
ALTER TABLE `maestria`
  ADD PRIMARY KEY (`id_ma`),
  ADD KEY `fk_tipo` (`id_tipo`),
  ADD KEY `fk_div_ma` (`id_div`);

--
-- Indices de la tabla `nivel`
--
ALTER TABLE `nivel`
  ADD PRIMARY KEY (`id_niv`);

--
-- Indices de la tabla `rol`
--
ALTER TABLE `rol`
  ADD PRIMARY KEY (`id_rol`);

--
-- Indices de la tabla `slider`
--
ALTER TABLE `slider`
  ADD PRIMARY KEY (`id_sli`);

--
-- Indices de la tabla `st`
--
ALTER TABLE `st`
  ADD PRIMARY KEY (`id_st`);

--
-- Indices de la tabla `tipo`
--
ALTER TABLE `tipo`
  ADD PRIMARY KEY (`id_tipo`);

--
-- Indices de la tabla `usuarios`
--
ALTER TABLE `usuarios`
  ADD PRIMARY KEY (`id_usu`),
  ADD UNIQUE KEY `usuario` (`usuario`),
  ADD UNIQUE KEY `correo` (`correo`),
  ADD KEY `fk_rol` (`id_rol`);

--
-- Indices de la tabla `wrapper`
--
ALTER TABLE `wrapper`
  ADD PRIMARY KEY (`id_wra`);

--
-- AUTO_INCREMENT de las tablas volcadas
--

--
-- AUTO_INCREMENT de la tabla `directores`
--
ALTER TABLE `directores`
  MODIFY `id_direc` int(11) NOT NULL AUTO_INCREMENT, AUTO_INCREMENT=4;

--
-- AUTO_INCREMENT de la tabla `division`
--
ALTER TABLE `division`
  MODIFY `id_div` int(11) NOT NULL AUTO_INCREMENT, AUTO_INCREMENT=6;

--
-- AUTO_INCREMENT de la tabla `investigadores`
--
ALTER TABLE `investigadores`
  MODIFY `id_in` int(11) NOT NULL AUTO_INCREMENT, AUTO_INCREMENT=32;

--
-- AUTO_INCREMENT de la tabla `maestria`
--
ALTER TABLE `maestria`
  MODIFY `id_ma` int(11) NOT NULL AUTO_INCREMENT, AUTO_INCREMENT=8;

--
-- AUTO_INCREMENT de la tabla `nivel`
--
ALTER TABLE `nivel`
  MODIFY `id_niv` int(11) NOT NULL AUTO_INCREMENT, AUTO_INCREMENT=2;

--
-- AUTO_INCREMENT de la tabla `rol`
--
ALTER TABLE `rol`
  MODIFY `id_rol` int(11) NOT NULL AUTO_INCREMENT, AUTO_INCREMENT=2;

--
-- AUTO_INCREMENT de la tabla `slider`
--
ALTER TABLE `slider`
  MODIFY `id_sli` int(11) NOT NULL AUTO_INCREMENT, AUTO_INCREMENT=4;

--
-- AUTO_INCREMENT de la tabla `st`
--
ALTER TABLE `st`
  MODIFY `id_st` int(11) NOT NULL AUTO_INCREMENT, AUTO_INCREMENT=3;

--
-- AUTO_INCREMENT de la tabla `tipo`
--
ALTER TABLE `tipo`
  MODIFY `id_tipo` int(11) NOT NULL AUTO_INCREMENT, AUTO_INCREMENT=3;

--
-- AUTO_INCREMENT de la tabla `usuarios`
--
ALTER TABLE `usuarios`
  MODIFY `id_usu` int(11) NOT NULL AUTO_INCREMENT, AUTO_INCREMENT=2;

--
-- AUTO_INCREMENT de la tabla `wrapper`
--
ALTER TABLE `wrapper`
  MODIFY `id_wra` int(11) NOT NULL AUTO_INCREMENT, AUTO_INCREMENT=4;

--
-- Restricciones para tablas volcadas
--

--
-- Filtros para la tabla `directores`
--
ALTER TABLE `directores`
  ADD CONSTRAINT `fk_div` FOREIGN KEY (`id_div`) REFERENCES `division` (`id_div`) ON DELETE CASCADE ON UPDATE CASCADE;

--
-- Filtros para la tabla `investigadores`
--
ALTER TABLE `investigadores`
  ADD CONSTRAINT `fk_div_in` FOREIGN KEY (`id_div`) REFERENCES `division` (`id_div`) ON DELETE CASCADE ON UPDATE CASCADE,
  ADD CONSTRAINT `fk_niv` FOREIGN KEY (`id_niv`) REFERENCES `nivel` (`id_niv`) ON DELETE CASCADE ON UPDATE CASCADE;

--
-- Filtros para la tabla `maestria`
--
ALTER TABLE `maestria`
  ADD CONSTRAINT `fk_div_ma` FOREIGN KEY (`id_div`) REFERENCES `division` (`id_div`) ON DELETE CASCADE ON UPDATE CASCADE,
  ADD CONSTRAINT `fk_tipo` FOREIGN KEY (`id_tipo`) REFERENCES `tipo` (`id_tipo`) ON DELETE CASCADE ON UPDATE CASCADE;

--
-- Filtros para la tabla `usuarios`
--
ALTER TABLE `usuarios`
  ADD CONSTRAINT `fk_rol` FOREIGN KEY (`id_rol`) REFERENCES `rol` (`id_rol`) ON DELETE CASCADE ON UPDATE CASCADE;
COMMIT;

/*!40101 SET CHARACTER_SET_CLIENT=@OLD_CHARACTER_SET_CLIENT */;
/*!40101 SET CHARACTER_SET_RESULTS=@OLD_CHARACTER_SET_RESULTS */;
/*!40101 SET COLLATION_CONNECTION=@OLD_COLLATION_CONNECTION */;
